...1,...2,...3,...4,...5,...6,...7,...8,...9,...10,...11,...12,...13,...14,...15,...16,...17,...18,...19,...20,...21,...22,...23,...24,...25,...26,...27
2019,8,31,0,0,0,0,0,0,0,0,0,0,0,0,0,0,0,0,0,0,0,0,0,0,0,0
2019,9,1,0,0,0,0,0,0,0,0,0,0,0,0,0,0,0,0,0,0,0,0,0,0,0,0
2019,9,2,0,0,0,0,0,0,0,0,0,0,0,0,0,0,0,0,0,0,0,0,0,0,0,0
2019,9,3,0,0,0,0,0,0,0,0,0,0,0,0,0,0,0,0,0,0,0,0,0,0,0,0
2019,9,4,0,0,0,0,0,0,0,0,0,0,0,0,0,0,0.4,1.4,0,0,0,0,1,0,0,0
2019,9,5,0,0,0,0,0.2,0,0,0,0,0,0,0,0,0,0,0,0,0,0,0,0,0,0,0
2019,9,6,0,0,0,0,0,0,0,0,0,0,0,0,0,0,0,0,0,0,0,0,0.4,0,0,0
2019,9,7,0,0,0,0,0,0,0,0,0,0,0.2,3.2,0,0,0,0,0,0,0,0,0,0,0,0
2019,9,8,0,0,0,0,0,0,0,0,0,0,0,0,0,0,0,0,0,0,0,0,0,0,0,0
2019,9,9,0,0,0,0,0,0,0,0,0,0,0,0,0,0,0,0,0,0,0.2,0,0,0,0,0
2019,9,10,0,0,0,0.2,0,0,0,0,0,0,0,0,0,0,0,0,0,0,0,0,0,0,0,0
2019,9,11,0,0,0,0,0,0,0,0,0,0,0,0,0,0,0,0,0,0,0,0,0,0,0,0
2019,9,12,0,0,0,0,0.2,0,2.6,5.6,6,2.8,1,0.8,0,0,0,0.2,0,0,0,0,0,0,0,0
2019,9,13,0,0,0,0,0,0,0,0,0,0,0,0,0,0,0,0,0,0,0,0,0,0,0,0
2019,9,14,0,0,0,0,0,0,0,0,0,0,0,0,0,0,0,0,0,0,0,0,0,0,0,0
2019,9,15,0,0,0,0,0,0,0,0,0,0,0,0,0,0,0,3.8,1.6,0.4,0,0,0,0,0,0
2019,9,16,0,0,0,0,0,0,0,0,0,0,0,0,0,0,0,0.2,0,0,0,0,0,0,0,0
2019,9,17,0,0,0,0,0,0,0,0,0,0,0,0,0,0,0,0.4,0,0,0.2,0,0,0,0,0
2019,9,18,0,0,0,0,0,0.2,0,0,0,0,0,0,0,0,0,0,0,0,0,0,0,0,0,0
2019,9,19,0,0,0,0,0,0,0,0,0,0,0,0,0,0,0.4,10.8,1.8,0,0,0,0,0,0,0
2019,9,20,0,0,0,0,0.2,0,0,0,0,0,0,0,0,0,0,1.8,3.8,2.4,15.8,4,0,0,0,0
2019,9,21,0,0,0.2,0,0,0,0,0,0,0,0,0.2,0,18.600000000000001,0.8,0,0,3.4,3.6,2.4,0.4,0.2,1,0
2019,9,22,0,0,0,0,0,0,0,0,0,0,0,0,0,0,0.2,0.2,0.2,0,0,0,0,0,0,0
2019,9,23,0.2,0,0,0,0,0,0,0,0,0,0,0.2,0,0,0,0,0.6,0.6,1.2,0.2,0,0,0,0.2
2019,9,24,0,0,0,0,0,0,0,0,0,0,0.2,0,1.4,0,1,0,0,0.4,0.6,0.2,0,0,0,0
2019,9,25,0,0,0,0,0.2,0,0,0,0,0,0,1.8,2,0,0,0,0,0,0.2,0,0,0,0,0
2019,9,26,0,0,0,0,0,0,0,0,0,0,0,0,0,0,0,0,0,54,0,0,0,0,0,0
2019,9,27,0,0,0,0,0,0,0.2,0,0,0,0,0,0,0,0,6.2,1.8,0,0.2,2.6,7.2,2.6,0.4,0
2019,9,28,0,0,0.2,0,0,0,0,0,0,0,0,0,0,0.4,3,5.6,3,1.4,0,0,0,0,0.2,0
2019,9,29,0,0,0,0,0,0,0,0,0,0,0,0,0,0.2,0,0,0,0,0,0,0,0,0,0
2019,9,30,0,0,0,0,0,0,0,0,0,0,0,0,0,0,0,0,0,0,0,0,0,0,0,0
2019,10,1,0,0,0,0,0,0,0,0,0,0,0,0,0.2,0,0,0,0.2,0.2,0,0,0,0,0,0
2019,10,2,0,0,0,0,0,0,0,0,0,0,0,0,7.6,10.6,0.4,0,0,0,0.4,0,0,0,0,0
2019,10,3,0,0,0,0.2,0,0,0,0,0,0,0,0,0,0,0,0,0,0,0,0,0,0,0,0
2019,10,4,0,0,0,0,0,0,0,0,0,0,0,0,0,0,0,0,0,0,5,0.2,0,0,0,0
2019,10,5,0,0,0,0,0,0,0,0.2,0,0,0,0,0,0,2.2000000000000002,2.2000000000000002,0.2,3.6,3.4,0.4,0,0,0,0
2019,10,6,0,0.2,0,0,0,0,0,0,0,0,0,0,0,0,0,0,0.8,1.2,0,0,0,0,0,0.2
2019,10,7,0,0,0,0,0,0,0,0,0,0,0,0,0,0,0,0,0,0,0,0,0,0,0,0
2019,10,8,0,0,0.2,0.2,0.4,0,0,0,0,0,0,0,0,0,0,0,0,0,0,2.2000000000000002,0,0,0,0
2019,10,9,0,0,0,0,0,0,0,0,0,0.2,0,0,0,0,2,1.6,0.2,0,0,0,0,0,0,0
2019,10,10,0,0,0,0,0,0,0,0,0,0,0,0,0,0,0,4,5.6,5.2,1.8,0.8,0.4,0.2,0.6,0.4
2019,10,11,0.2,0,0,0,0,0,0,0,0,0,0,0.2,0.6,2.4,3,0.8,0,0,1.2,0.2,0,0,0,0
2019,10,12,0,0,0,0,0,0,0,0,0,0.2,0,0,0.8,7.6,0,0,0,0,0,0,0,0,0.4,0
2019,10,13,0,0,0,0,0,0,0,0,0,0,0,0,0,0,0,0,0,0,0,0,0,0.2,0,0
2019,10,14,0,0,0,0,0,0,0,0,0,0,0.2,0,6.8,0.2,1.8,23.4,8.4,5.8,6.4,2.4,0.8,0.2,0,0.2
2019,10,15,0,0,0,0.2,0.6,0.2,0,0,0,0,0,0,0,0,0,0,0,0,0,0,0,0,0,0
2019,10,16,0,0,0,0.2,0,0,0,0,0,0,0,0,0,0,0,0,0,0,0,0,0,0,0,0
2019,10,17,0,0,0,0,0,0,0,0,0,0,0,0,0,0,0,0,0,0,0,0,0,0,0,0
2019,10,18,0,0,0,0,0,0,0,0,0,0,0,0,0,0,0,0,0,0.2,0,0,0,0,0,0
2019,10,19,0,0,0.2,0,0,0,0,0,0,0,0,0,0,0,0,0,0,0,0,0,0,0,0,0
2019,10,20,0,0,0,0,0,0,0,0,0,0,0,0,0,0.2,23.4,0.6,0.8,6.2,5.4,7.6,3.4,0.2,0,0.2
2019,10,21,0,0,0,0,0,0,0,0,0,0,0,0,0,0,0,0,0,0,0,0,0,0,0,0
2019,10,22,0,0,0,0,0,0,0,0,0,0,0,0,0,0,0,0,0,0,0,0,0,0,0,0
2019,10,23,0,0,0,0,0.2,0,0,0,0,0,0,0,0,0,0,0,0,0,0,0,0,0,0,0
2019,10,24,0,0,0,0,0,0,0,0,0,0,0,0,0,0,0,0,0.6,1.4,2,11.2,2.8,0.2,0,0
2019,10,25,0,0,0,0,0,0,0,0.2,0,0,0,0,0,12.6,3.4,3,0.4,0,1.4,14.2,9.6,1.8,0,0.2
2019,10,26,0,0.2,0,0,0,0,0,0,0,0,0,0,0.2,0,0.6,1.4,1,0.2,0,0,0,0,0,0
2019,10,27,0,0,0,0,0,0.2,0,0,0,0,0,0,0,0,0,0,0,0,0,0,0,0,0,0
2019,10,28,0,0,0,0,0,0,0,1.8,1.6,0,0,0,0,0,2.2000000000000002,0,0,0,0,0,0,0,0,0.2
2019,10,29,0,0,0.2,0,0,0,0,0,0,0,0,0,0,0,0.2,0,0,0,0,0,0,0,0,0
2019,10,30,0,0,0,0,0,0,0,0,0,0,0,0,0,0.6,2.6,0,0.4,0.4,0.6,0,0,0,0,0
2019,10,31,0,0.2,0,0,0,0,0,0,0,0,0,0,0,0,0,0.2,0.8,0,0.4,0,0,0,0,0
2019,11,1,0,0,0,0,0.4,0.2,0,0,0,0,0,0,0,0.2,0,0,0,0,0,0,0,0,0,0
2019,11,2,0,0,0,0,0,0,0,0,0,0,0,0,0,0,0,0,0,0.6,0,0,0,0,0,0
2019,11,3,0,0,0,0,0.2,0,0,0,0,0,0,0,0,0,0,0,0,0,0,0,0,0,0,0
2019,11,4,0,0,0,0,0,0,0,0.2,0,0,0,0,0,0,0,0,0,0,0,0,0,0,0,0
2019,11,5,0,0,0,0,0,0,0,0,0,0,0,0,0,0,0,0,0,0,0,0,0,0,0,0
2019,11,6,0,0,0,0,0,0,0,2,0.6,0.6,0.4,0.6,1.6,1.6,0,0.4,0,0,0,0,0,0,0,0
2019,11,7,0,0,0,0,0,0,0.4,0,0,0,0,0,0,0,0,1.4,1.4,0,0,0,0,0,0,0
2019,11,8,0,0,0,0.8,0.2,0,0,0,0,0,0.6,0,0,0,0,0,0,0,0,0,0,0,0,0
2019,11,9,0,0.4,0.8,0.4,0.8,0.6,0.6,0,0,0,0,0,0,0,0,0,0,0,0,0,0,0,0,0
2019,11,10,0,0,0,0,0,0,0,0,0,0,0,0,0,0,0,0,0,0,0,0,0,0,0,0
2019,11,11,0,0,0.2,0,0,0,0,0,0,0,0,0,0,0,0,0,0,0,0,0,0,0,0,0
2019,11,12,0,0,0,0,0,0,0,0,0,0,0,0,0,0,0,0,0,0,0,0,0,0,0,0
2019,11,13,0,0,0,0,0,0,0,0,0,0,0,0,0,0,0,0,0,0,0,0,0,0,0,0
2019,11,14,0,0,0,0,0,0,0,0,0,0,0,0,0,0,0,0,0,0,0.2,0.2,0,0,0,0
2019,11,15,0,0,0,0,0,0,0,0,0,0,0,0,0,0,0,0,0,0,0,0,0,0,0,0
2019,11,16,0,0,0,0,0,0,0,0,0,0,0,0,0,0,0,0,0,0,0,0,0,0,0,0
2019,11,17,0,0,0,0,0,0,0,0,0,0,0,0,0,0,0,0,0,0,0,0,0,0,0,0
2019,11,18,0,0,0,0,0,0,0,0,0,0,0,0,0,0,0,0,0,0,0,0,0,0,0,0
2019,11,19,0,0,0,0,0,0,0,0,0,0.2,0,0.2,0,0.4,0.6,0.2,0,0,0,0,0,0,0,0
2019,11,20,0,0,0.4,0,0,0,0,0,0,0,0,0,0,0,0,0,0,0,0,0,0,0,0,0
2019,11,21,0,0,0,0,0,0,0,0,0,0,0,0,0,0,0,0,0,0,0,0,0,0,0,0
2019,11,22,0,0.2,0,0,0,0,0,0,0,0,0,0,0,0,0,0,0,0,0,0,0,0,0,0
2019,11,23,0,0,0,0,0,0,0.2,0,0,0,0,0,0,0,0,0,0,0,0,0,0,0,0,0
2019,11,24,0,0,0,0,0.2,0,0,0,0,0,0,0,0,0,0,0,0.8,0.4,0,0,0,0.2,0,0
2019,11,25,0,0.4,0,0,0.8,0.6,0,0,0.4,0,0,0,0,0,0,0,0,0,0,0,0,0,0,0
2019,11,26,0,0,0,0,0,0,0,0,0,0,0,0,0,0,0,0,0,0,0,0,0,0,0,0
2019,11,27,0.2,0.4,0.8,0.6,0,1.6,2.6,0.8,0.4,0.4,0.6,0,0,0,0,0,0,0,0,0,0,0,0,0.8
2019,11,28,0.4,0.2,1,0.8,1,1,2.6,4.8,5,4.4000000000000004,0.4,0,1.8,0.4,0.6,3.2,0,1.4,0.6,3,7.8,1,0.8,3.2
2019,11,29,0.6,0,0,0,0,0.2,0.4,0.4,0.4,0.2,0,0,2,0.8,0.2,0,0.2,0.4,0,0.2,0.6,0,0,0
2019,11,30,0,0,0,0,0,0,0.2,0,0,0,0,0,0,0,0,0,0,0,0,0,0,0,0,0
2019,12,1,0,0,0,0,0,0,0,0,0,0,0,0,0,0,0,0,0,0,0,0,0,0,0,0
2019,12,2,0,0,0,0,0,0,0,0,0,0,0,0,0,0,0,0,0,0,0,0,0,0,0,0
2019,12,3,0,0,0,0,0.2,0,0,0.2,0.2,0.2,0,0,0,0,0,0,0,0,0,0,0,0,0,0
2019,12,4,0,0,0,0,0,0,0,0,0,0,0,0,0,0,0,0,0,0,0,0,0,0,0,0
2019,12,5,0.2,0,0,0,0,0.2,0,0,0,0,0,0,0,0,0,0,0,0,0,0,0,0,0.6,0.8
2019,12,6,0,0.2,0.2,0,0,0,0,0,5,2.6,0,0,0,0,0,0,0,0,0,0,0,0,0,0
2019,12,7,0,0,0,0,0,0,0,0,0,0,0,0,0,0,0,0,0,0,0,0,0,0,0,0
2019,12,8,0,0,0,0,0,0,0,0,0.2,0,0,0,0,0,0,0,0,0,0,0,0,0,0,0
2019,12,9,0,0,0,0,0,0,0,0,0,0,0,0,0,0,0,0,0,0,0,0,0,0,0,0
2019,12,10,0,0,0,0,0,0,0,0,0,0,0,0,0,0,0,0,0,0,0,0,0,0,0,0
2019,12,11,0,0,0,0,0,0,0,0,0.2,0,0,0,0,0,0,0,0,0,0,0.4,0.6,0,0.2,0
2019,12,12,0.4,0,0,0,0,1.2,0,0,0,0,0,0,0,0,0,0,0,0,0,0,0,0,0,0
2019,12,13,0,0,0,0,0,0,0,0,0,0,0,0,0,0,0,0,0,0,0,0,0,0,0,0
2019,12,14,0,0,0.2,0,0,0,0,0,0,0.2,0,0,0,0,0,0,0,0,0,0,0,0,0,0
2019,12,15,0,0,0,0,0,0,0,0,0,0,0.2,0,0,0,0,0,0,0,0,0,0,0,0,0
2019,12,16,0,0,0,0,0,0.2,0,0,0,0,0,0,0,0,0,0,0,0,0,0,0,0,0,0
2019,12,17,0,0,0,0,0,0,0,0,0,0,0,0,0,0,0,0,0,0,0,0,0,0,0,0
2019,12,18,0,0,0,0,0,0,0,0,0,0,0,0,0,0,0,0,0,0,0,0,0,0,0.4,0.2
2019,12,19,0,0,0,0,0,0,0.2,0.2,0,0.2,0,0,0,0,0,0,0,0,0,0,0,0,0,0
2019,12,20,0,0,0,0,0,0,0,0,0,0,0,0,0,0,0,0,0,0,0,0,0,0,0,0
2019,12,21,0,0,0,0,0,0,0,0,0,0,0,0,0,0,0,0,0,0,0,0,0,0,0,0
2019,12,22,0,0,0,0,0,0.2,0,0,0.4,0,0,0,0,0,0,0,0,0,0,0,0,0,0,0
2019,12,23,0,0,0,0,0,0,0.2,0,0,0,0,0,0,0,0,0,0,0,0.2,0,0,0,0,0
2019,12,24,0,0,0,0,0,0,0,0,0,0,0,0,0,0,0,0,0,0.2,0,0,0,0,0.4,0
2019,12,25,0.2,0,0,0.2,0.2,0,0,0,0,0,0,0,0,0,0,0,0,0,0,0,0,0,0,0
2019,12,26,0.2,0,0.4,0,0,0.2,0,0,0,0,0,0,0,0,0,0,0,0,0.2,0,0.6,0,0,0
2019,12,27,0.2,0,0,0,0,0,0,0,0.2,0,0,0,0.2,0,0,0,0,0,0,0,0,0,0,0
2019,12,28,0,0,0,0,0,0,0,0,0,0,0,0,0,0,0,0,0,0,0,0,0,0,0,0
2019,12,29,0,0,0,0,0,0,0,0,0,0,0,0,0.2,0,0,0,0,0,0,0,0,0,0,0
2019,12,30,0,0,0,0,0,0,0,0,0,0,0,0,0,0,0,0,0,0,0,0,0,0,0,0
2019,12,31,0,0,0,0,0,0,0,0,0,0,0,0,0,0,0,0,0,0,0,0,0,0,0,0
2020,1,1,0,0,0,0,0,0,0,0,0,0,0,0,0,0,0,0,0,0,0,0,0,0,0,0
2020,1,2,0,0,0,0,0,0,0,0,0,0,0,0,0,0,0,0,0,0,0,0,0,0,0,0
2020,1,3,0,0,0,0,0,0,0,0,0,0,0,0,0,0,0,0,0,0,0,0,0,0,0,0
2020,1,4,0,0,0,0,0,0,0,0,0,0,0,0,0,0,0,0,0,0,0,0,0,0,0,0.2
2020,1,5,0.6,0.4,0,0,0,0.2,0.2,0.4,0,0,0,0,0,0,0.2,0,0,0,0,0,0,0,0.2,0.6
2020,1,6,0,0.2,0,0,0,0,0,0,0,0,0,0,0,0,0,0,0,0,0,0,0,0,0,0
2020,1,7,0,0,0,0,0,0,0,0,0.2,0,0,0,0,0,0,0,0,0,0,0,0,0,0,0
2020,1,8,0,0.2,0,0,0,0,0,0,0,0,0.2,0,0,0,0.2,0.2,1.2,1,0.6,1.6,2,3.4,5.2,1.4
2020,1,9,2.2000000000000002,3,0.6,1,0,0,0,0,0,0,0,0,0,0,0,0,0,0,0,0,0,0,0,0
2020,1,10,0,0,0,0,0,0,0,0,0,0.2,0,0,0,0,0,0,0,0,0,0,0,0.2,0,0.8
2020,1,11,0,0,0,0.2,0,0,0,0,0,0,0,0,0,0,0,0,0,0,0,0,0,0,0,0
2020,1,12,0,0,0,0,0,0.2,0,0,0,0,0.4,0,0,0,0,0,0,0,0,0.2,0.4,0.4,3,1
2020,1,13,0.8,0.2,0.4,0.2,0,0,0.2,0.2,0,0,0.2,0,0,0,0,0,0,0,0,0,0,0,0,1.6
2020,1,14,0.2,0,0,0,0.4,2,0.2,1.4,0.8,0,0.2,0,0.8,0,0,0.2,0,0,0,0.2,0,0,0.8,0.2
2020,1,15,0,0.2,0,0.4,0,0,0,0,0.2,0,0,0,0,0,0,0,0,0,0,0,0,0,0,0
2020,1,16,0,0,0,0,0,0.2,0,0,0,0,0,0,0,0,0,0,0,0,0,0,0,0,0,0
2020,1,17,0,0,0,0,0,0,0,0,0,0,0,0,0,0,0,0,0,0,0,0,0,0,0,1
2020,1,18,0,0,0.2,0.2,0.2,0.2,0.4,1.2,0.2,0,0,0,0.2,0,0,0,0.4,0.4,1,1.2,0,0,0.8,0
2020,1,19,0.2,1.2,1.6,0.6,1,0.4,0.2,0.4,0.4,0.2,0,0,0,0,0,0,0,0.2,0,0,0,0,0,0
2020,1,20,0,0,0,0,0,0,0,0.2,0,0.2,0,0,0,0,0,0.2,0,0,0,0,0.4,0,0.2,0
2020,1,21,0,0,0,0,0,0,0,0,0,0,0.2,0,0,0.2,0,0,0,0,0.2,1.2,0,0,0,0
2020,1,22,0.2,0,0.2,0,0,0,0,0,0,0,0,0,0,0,0,0,0,0,0,0,0,0,0,0
2020,1,23,0,0,0,0,0,0,0,0.2,0,0,0,0,0,0,0,0.2,0,0,0,0,0,0,0,0
2020,1,24,0,0,0,0,0,0,0,0,0,0,0,0,0,0,0,0,0,0,0,0,0,0,0,0
2020,1,25,0,0,0,0.2,0,0,0,0,0,0,0,0,0,0,0,0,0,0,0,0,0,0,0,0
2020,1,26,0,0,0.2,0,0,0,0,0,0,0,0,0,0,0,0,0,0,0,0,0,0,0,0,0
2020,1,27,0,0,0,0,0,0,0,0,0,0,0,0,0,0,0,0,0,0,0,0,0,0,0,0
2020,1,28,0,0,0,0,0,0,0,0,0,0,0,0,0,0,0,0,0,0.6,0.4,0,0.4,0,0,0
2020,1,29,0,0,0,0,0,0,0,0,0,0,0,0,0,0,0,0,0,0,0,0,0,0,0,0
2020,1,30,0,0,0,0,0,0,0,0,0,0,0,0,0,0,0,0,0,0,0,0,0,0,0,0
2020,1,31,0,0,0,0,0,0,0,0,0,0,0,0,0,0,0,0,0,0,0,0,0,0,0,0
2020,2,1,0,0,0,0,0,0,0,0,0,0,0,0,0,0,0,0,0,0,0,0,0,0,0,0
2020,2,2,0,0,0,0,0,0,0,0,0,0,0.8,0.4,0,0,0.4,1.2,0.8,0.6,0.8,1.4,0.8,0,0,0
2020,2,3,0,0,1,0.8,0,0,0,0,0,0,0,0,0,0,0,0,0,0,0,0,0,0,0,0
2020,2,4,0,0,0,0,0,0,0,0,0,0,0,0,0,0,0,0,0,0,0,0,0,0,0,0
2020,2,5,0,0,0,0,0,0,0,0,0,0,0,0,0,0,0,0,0,0,0,0,0,0,0,0
2020,2,6,0,0,0,0,0,0,0,0.2,0,0,0,0,0,0,0,0,0,0,0,0,0,0,0,0
2020,2,7,0,0,0,0,0,0,0,0,0,0,0,0,0,0,0,0,0,0,0,0,0,0,0,0
2020,2,8,0,0,0,0,0,0,0,0,0,0,0,0,0,0,0,0,0,0,0,0,0,0,0,0
2020,2,9,0,0,0,0,0.6,0,0,0,0,0,0,0,0,0,0,0,0,0,0,0,0,0,0,0
2020,2,10,0,0,0,0,0,0,0,0,0,0,0,0,0,0,0,0,0,0,0,0,0,0,0,0
2020,2,11,0,0,0,0,0,0,0,0,0,0,0,0,0,0,0,0,0,0,0,0,0,0,0,0
2020,2,12,0,0,0,0.4,0.4,0,0,0,0,0,0,0,0,0,0,0,0,0,0,0,0,0,0,0
2020,2,13,0,0,0,0,0,0.2,0,0,0.2,0,0,0,0,0,0,0,0,0,0,0,0,0,0,0
2020,2,14,0,0,0,0,0,0,0,0,0,0,0,0,0,0,0,0,0,0,0,0,0,0,0,0
2020,2,15,0,0,0,0,0,0,0,0.4,0,0,0,0,0,0,0,0,0,0,0,0,0,0,0,0
2020,2,16,0,0,0,0,0,0,1,1.4,1.4,0,0,0,0,0.4,0,0,0,0,0.2,0,0,0.2,0,0
2020,2,17,0,0,0,0,0,0,0,0,0,0,0,0,0,0,0,0,0,0.4,2.6,0.6,0,0,0,0
2020,2,18,0.2,0,0,0,0,0,0,0.2,0,0,0,0,0,0,0,0,0,0,0,0,0,0,0,0
2020,2,19,0,0,0,0,0,0,0,0,0,0,0,0,0,0,0,0,0,0,0,0,0,0,0.2,0.4
2020,2,20,0,0.4,0,0,0,0,0,0,0,0,0,0,0,0,0,0,0,0,0,0,0,0,0.2,0
2020,2,21,0.2,0.2,0.2,0,0.4,0,0,0,0,0,0,0,0,0,0,0,0,0,0.4,1,0,0.4,0.6,0.8
2020,2,22,0.2,0,0.2,0,0,0,0,0,0,0,0,0,0,0,0,0,0,0,0,0,0,0,0,0
2020,2,23,0,0,0,0,0,0,0,0,0,0,0,0,0,0,0,0,0,0,0,0,0,0,0,0
2020,2,24,0,0,0,0,0,0,0,0,0,0,0,0,0,0,0,0,0,0,0,0,0,0,0,0
2020,2,25,0,0,0,0,0,0,0,0,0,0,0,0,0,0,0,0,0,0,0,0,0,0,0,0
2020,2,26,0,0,0,0,0,0,0,0,0,0,0,0,0,0,0,0,0,0,0,0,0,0,0,0
2020,2,27,0,0,0,0,0,0,0,0,0,0,0,0,0,0,0,0,0,0,0,0,0,0,0,0
2020,2,28,0,0,0,0,0,0,0,0,0,0,0,0,0,0,0,0,0,0,0,0,0,0,0,0
2020,2,29,0.4,0.8,0.8,0.6,0.6,0,0.2,0.4,0,0,0,0,0,0,0,0,0,0,0,0,0,0,0,0
2020,3,1,0,0,0,0,0,0,0,0,0,0,0,0,0,0,0,0,0,0,0,0,0,0,0,0
2020,3,2,0,0,0,0,0,0,0,0,0,0,0,0,0,0,0,0,0,0,0,0,0,0,0,0
2020,3,3,0,0,0,0,0,0,0,0,0,0,0,0,0,0,0,0,0,0,0,0,0,0,0,0
2020,3,4,0,0,0,0,0,0,0,0,0,0,0,0,0,0,0,0,0,0,0,0,0,0,0,0
2020,3,5,0,0,0,0,0,0,0,0,0,0,0,0,0,0,0,0,0,0,0,0,0,0,0,0
2020,3,6,0,0,0,0,0,0,0,0,0,0,0,0,0,0,0,0,0,0,0,0,0,0,0,0
2020,3,7,0,0,0,0,0,0,0,0,0,0,0,0,0,0,0,0,0,0,0,0,0,0,0.2,0
2020,3,8,0,0,0,0,0,0,0,0,0,0,0,0,0,0,0,0,0,0,0,0.2,0,0,0.2,0
2020,3,9,0,0,0,0,0,0,0,0,0,0,0,0,0,0,0,0,0,0,0,0,0,0,0,0
2020,3,10,0,0,0,0,0,0,0,0,0,0,0,0,0,0,0,0,0,0,0,0,0,0,0,0
2020,3,11,0,0,0,0,0,0,0,0,0,0,0,0,0,0,0,0,0,0,0,0,0,0,0,0
2020,3,12,0,0,0,0,0,0,0,0,0,0,0,0,0,0,0,0,0,0,0,0,0,0,0,0
2020,3,13,0,0,0,0,0,0,0,0,0,0,0,0,0,0,0,0,0,0,0,0,0,0,0,0
2020,3,14,0,0,0,0,0,0.4,0,0,0,0,0,0,0,0,0,0,0,0,0,0,0,0,0,0
2020,3,15,0,0,0,0,0,0,0,0,0,0,0,0,0,0,0,0,0,0,0,0,0,0,0,0
2020,3,16,0,0,0,0,0,0,0,0,0,0,0,0,0,0,0,0,0,0,0,0,0,0,0,0
2020,3,17,0,0,0,0,0,0,0,0,0,0,0,0,0,0,0,0,0,0,0,0,0,0,0,0
2020,3,18,0,0,0,0,0,0,0,0,0,0,0,0,0,0,0,0,0,0,0,0,0,0,0,0
2020,3,19,0,0,0,0,0,0,0,0,0,0,0,0,0,0,0,0,0,0,0,0,0,0,0,0
2020,3,20,0,0,0,0,0,0,0,0,0,0,0,0,0,0,0,0,0,0,0,0,0,0,0,0
2020,3,21,0,0,0,0,0,0,0,0.2,0,0,0,0,0,0,0,0,0,0,0,0,0,0,0,0
2020,3,22,0,0,0,0,0,0.2,0,0,0,0,0,0,0,0,0,0,0,0,0,0,0,0,0,0
2020,3,23,0,0,0,0,0,0,0,0,0,0,0,0,0,0,0,0,0,0,0,0,0,0,0,0
2020,3,24,0,0,0,0,0,0,0,0,0,0,0,0,0,0,0,0,0,0,0,0,0,0,0,0
2020,3,25,0,0,0,0,0,0,0,0,0,0,0,0,0,0,0,0,0,0,0,0,0,0,0,0
2020,3,26,0,0,0,0,0,0,0,0,0,0,0,0,0,0,0,0,0,0,0,0,0,0,0,0
2020,3,27,0,0,0,0,0,0,0,0,0,0,0,0,0,0,0,0,0,0,0,0,0,0,0,0
2020,3,28,0,0,0,0,0,0,0,0,0,0,0,0,0,0,0,0,0,0,0,0,0,0,0,0
2020,3,29,0,0,0.4,0,0,0,0,0,0,0,0,0,0,0,0,0,0,0,0,0,0,0,0,0
2020,3,30,0,0,0,0,0,0,0,0,0,0,0,0,0,0,0,0,0,0,0,0,0,0,0,0
2020,3,31,0,0,0,0,0,0,0,0,0,0,0,0,0,0,0,0,0,0,0,0,0,0,0,0
2020,4,1,0,0,0,0,0,0,0,0,0.2,0,0,0,0,0,0,0,0,0,0,0,0,0,0,0
2020,4,2,0,0,0,0,0,0,0,0,0,0,0,0,0,0,0,0,0,0,0,0,0,0,0,0
2020,4,3,0,0,0,0,0,0,0,0,0,0,0,0,0,0,0,0,0,0,0,0,0,0,0,0
2020,4,4,0,0,0,0,0,0,0,0,0,0,0,0,0,0,0,0,0,0,0,0,0,0,0,0
2020,4,5,0,0,0,0,0,0,0,0,0,0,0,0,0,0,0,0,0,0,0,0,0,0,0,0
2020,4,6,0,0,0,0,0,0,0,0,0,0,0,0,0,0,0,0,0,0,0,0,0,0,0,0
2020,4,7,0,0,0,0,0,0,0,0,0,1,0,0,0,0,0,0,0,0,0,0,0,0,0,0
2020,4,8,0,0,0,0,0,0,0,0,0,0,0,0,0,0,0,0,0,0,0,0,0,0,0,0
2020,4,9,0,0,0,0,0,0,0,0,0,0,0,0,0,0,0,0,0,0,0,0,0,0,0,0
2020,4,10,0,0,0,0,0,0,0,0,0,0,0,0,0,0,0,0,0,0,0,0,0,0,0,0
2020,4,11,0,0,0,0,0,0,0,0,0,0,0,0,0,0,0,0,0,0,0,0,0,0,0,0
2020,4,12,0,0,0,0,0,0,0,0,0,0,0,0,0,0,0,0,0,0,0,0,0,0,0,0
2020,4,13,0,0,0,0,0,0,0,0,0,0,0,0,0,0,0,0,0,0,0,0,0,0,0,0
2020,4,14,0,0,0,0,0,0.6,0,0,0,0,0,0,0,0,0,0,0,0,0,0,0,0,0,0
2020,4,15,0,0,0,0,0,0,0,0,0,0,0,0,0,0,0,0,0,0,0,0,0,0,0,0
2020,4,16,0,0,0,0,0,0,0,0,0,0,0.2,0,0,0,0,0,0,0,0,0,0,0,0,0
2020,4,17,0,0,0,0,0,0,0,0,0,0,0,0,0,0,0,0,0,0,0,0,0,0,0,0
2020,4,18,0,0,0,0,0,0,0,0,0,0,0,0,0,0,0,0,0,0,0,0,0,0,0,0
2020,4,19,0,0,0,0,0,0,0,0,0,0,0,0,0,0,0,0,0,0,0,0,0,0,0,0
2020,4,20,0,0,0,0,0,0,0,0,0,0,0,0,0,6.4,0.6,0,0,0,0,0,0,0,0,0
2020,4,21,0,0,0,0,0,0,0,0,0,0,0.2,0,0,0,0,0,0,0,0,0,0,0,0,0
2020,4,22,0,0,0,0,0,0,0,0,0,0,0,0,0,0,0,0,0,0,0,0,0,0,0,0
2020,4,23,0,0,0,0,0,0,0,0,0,0,0,0,0,0,0,0,0,0,0,0,0,0,0,0
2020,4,24,0,0,0,0,0,0,0,0,0,0,0,0,0,0,0,0,0,0,0,0,0,0,0,0
2020,4,25,0,0,0,0,0,0,0,0,0,0,0,0,0,0,0,0,0,0,0,0,0,0,0,0
2020,4,26,0,0,0,0,0,0,0,0,0,0,0,0,0,0,0,0,0,0,0,0,0,0,0,0
2020,4,27,0,0,0,0,0,0,0,0,0,0,0,0,0,0,0,0,0,0,0,0,0,0,0,0
2020,4,28,0,0,0,0,0.4,3.4,1,1.4,0,0,0.4,0.2,0.4,0.4,0,0,0,0,0,0,0,0,0,0
2020,4,29,0,0,0,0,0,0,0,0,0,0,0,0,0,0,0,0,0,0,0,0,0,0,0,0
2020,4,30,0,0,0,0,0,0,0,0,0,0,0,0,0,0,0,0,0,0,0.6,0,0,0,0,0
2020,5,1,0,0,0,0,0,0,0,0,0,0,0,0,0,0.2,0,0,0,0,0,0,0,0,0,0
2020,5,2,0,0,0.2,0,0,0.2,0,0,0,0,0,0,0,0,0,0,0,0,0,0,0,0,0,0
2020,5,3,0,0,0,0,0,0,0,0,0,0,0,0,0,0,0,0,0,0,0,0,0,0,0,0
2020,5,4,0,0,0,0,0,0,0,0,0,0,0,0,0,0,0,0,0,0,0,0,0,0,0,0
2020,5,5,0,0,0,0,0,0,0,0,0,0,0,0,0,0,0,0,0,0,0,0,0,0,0,0
2020,5,6,0,0,0,0,0,0,0,0,0,0,0,0,0,0,0,0,0,0,0,0,0,0,0,0
2020,5,7,0,0,0,0.4,0.6,0.6,0.2,0.4,0,0,0,0,0,0,0,0,0.2,2.2000000000000002,0.2,0.4,0,0,0,0
2020,5,8,0,0,0,0,0.2,0.2,0,0.2,0,0,0,0,0,0,0,0,0,0,0,0,0,0,0,0
2020,5,9,0,0,0,0,0,0,0,0,0,0,0,0,0,0,0,0,0,0,0,0,0,0,0,0
2020,5,10,0,0,0,0,0,0,0,0,0,0,0,0,0,0,0,0.2,0,0,0,0,0,0,0,0
2020,5,11,0,0,0,0,0.4,0,0,0,0,0,0,0,3.2,0.2,0.2,0,0,0,0,0,0,0,0,0
2020,5,12,0.2,1.2,0.2,0,0,0,0,0,0,0,0,0,0,0,0,0,0,0,0,0,0,0,0,0
2020,5,13,0,0,0,0,0,0,0,0,0,0,0,0,0,0,0,0,0,0,0,0,0,0,0,0
2020,5,14,0,0,0,0,0,0,0,0,0,0,0,0,0,0,0,0,0,0,0,0,0,0,0,0
2020,5,15,0,0,0,0,0,0,0,0,0,0,0.2,0,0,0,0,0,0,0,0,0,0,0,0,0
2020,5,16,0,0,0,0,0,0,0,0,0,0,0,0,0,0,0,0,0,0,0,0,0,0,0,0
2020,5,17,0,0,0,0,0,0,0,0,0,0,0,0,0,0,0,0.4,0.4,0,0,0,0,0,0,0
2020,5,18,0,0,0,0,0,0,0,0,0,0,0,0,0,1.4,3.6,0.8,0,0,0.4,0.8,0.4,0,0,0
2020,5,19,0,0,0,0.4,0.4,0,0,0,0,0,0,0.4,0,0,0,0,0,0,0,0.4,0.6,0,0,0.2
2020,5,20,0,0,0,0,0,0,0,0,0,0,0,0,0,0.8,7.6,0.2,0,0,0.8,0,0,0,0,0
2020,5,21,0.6,0,0,0,0,0,0,0,0,0,0,2,4.4000000000000004,2.8,2.4,2.4,2.4,0.4,0,0,0,0,0,0
2020,5,22,0,0,0.2,0,0,0,0.2,0,0,0,0,0.2,0,0,0,0.2,0.8,0,0,0,0,0,0,0
2020,5,23,0.2,0,0,0,0,0,0,0,0,0,0,0,0.2,0,0,0,0.2,2.6,7.6,3.2,0.2,0,0,0
2020,5,24,0,0,0,0,0,0,0,0,0,0,0,0,0,0,0,0,0,0,0,0,0,0,0,0
2020,5,25,0,0,0,0,0,0,0,0,0,0,0,0,0,0,0,0,0,0.2,0.8,0,0,0,0,0
2020,5,26,0,0,0,0,0,0,0.2,0,0.2,0,0,0,0,0,0,0,0.2,1.2,0,0,0,0,0,0
2020,5,27,0,0,0,0,0,0,0,0,0,0,0,0.2,0,0,0,1,0,15,11.2,7.8,1.4,0,0,0
2020,5,28,0.2,0,0,0,0,0,0,0,0,0,0,0,0,0,0,0,0,0,11.4,7.4,17.8,3.4,1,0
2020,5,29,0,0,0,0,0,0,0,0,0,0,0,0.2,2.8,1.4,0,0.4,0.6,0,0.2,0.2,0,0,0,0
2020,5,30,0,0,0,0,0,0,0,0,0,0.2,0,4.2,1.8,0.2,0,0,0,0,0.6,2.8,2.6,0,0,0
2020,5,31,0,0,0,0,0,0,0,0,0.2,0,0,0,12,1.2,2.6,0.4,0,0,0,0,0,0.4,0,0
2020,6,1,0,0,0,0,0,0,0,0,0,0,0,0,0,0,0,0,0,0,0,0,0,0,0,0
2020,6,2,0,0,0,0,0,0,0,0,0,0,0,0,0,0,0.2,0,0,0,0,0,0,0,0,0
2020,6,3,0,0,0,0,0,0,0,0,0,0,0,0,0,0,1.6,0.4,1,1.4,0,0,0,0,0,0.2
2020,6,4,0.2,0,0,0,0,0,0,0,0,0,0,0,0,0,7.8,3.4,2.8,5.2,0.4,0.2,0.2,0,0,0
2020,6,5,0,0,0,0,0,0,0,0,0,0,0,0,0,0,0,0.2,0,0.6,7.8,1.2,1.6,0,0,0
2020,6,6,0,0,0.2,0,0,0,0,0,0,0,0,0,0,0,0,0.4,0.6,0.4,0,1.6,1.6,0,0,0
2020,6,7,0,0,0,0,0,0,0,0,0.2,0,0,0,0,0,0,0,0,0,0,0,0,0,0,0
2020,6,8,0,0,0,0,0,0,0,0,0,0,0,0,0,0,0,0,0,0,0,0,0,0,0,0
2020,6,9,0,0,0,0,0,0,0,0,0,0,0,0,0,0,0,0,0,0.2,2.6,0,0,0,0,0
2020,6,10,0,0,0.4,0,0,0,0,0,0,0,0,0,0,0,0,0,0,0.8,0,0,0,0,0,0
2020,6,11,0,0,0,0,0,0,0,0,0,0,0,0.2,0,0,0,0,0,0,0,0,0,0.2,0,0
2020,6,12,0,0,0,0,0.2,0,0,0,0,0,0,0.2,0,0,0,0.6,2.2000000000000002,1,3.4,2.8,0.8,0,0,0
2020,6,13,0,0,0,0,0,0,0,0,0,0,0,0,0,0,0,1.4,19,6,2.2000000000000002,2,0.4,0,0,0.2
2020,6,14,0,0,0,0,0,0,0,0.2,0,0,0,0,0,0,0,0,0,0,0,0,0,0,0,0
2020,6,15,0,0,0,0,0,0,0,0.6,0,0.4,0,0,0,1.8,9.8000000000000007,4.2,0,0,0,0,0,0,0,0
2020,6,16,0,0.4,0,0,0,0,0,0,0,0,0,0,0,0,26,2.4,4,2.2000000000000002,3.8,6.6,1,0,0,0
2020,6,17,0,0,0,0,0,0,0,0,0,0.2,0,0,0,0,0,0,0,0,0,0,0,0,0,0
2020,6,18,0,0,0,0,0,0,0,0,0,0,0,0,0,0,0,0,0,0,0,0,0,0,0,0
2020,6,19,0,0,0,0,0,0,0,0,0,0,0,0,0,0,0,0,0,0,0,0,0,0,0,0
2020,6,20,0,0,0,0,0,0,0,0,0.4,1,1.4,0.8,0.2,0,0,0,0,0,0,0,0,0,0,0
2020,6,21,0,0,0,0,0,0,0,0,0,0,0,0.2,0,0,0,0.2,3.8,3.8,1.4,0.4,0.2,0,0,0
2020,6,22,0,0,0,0,0,0,0,0,0,0,0,0,0,0,0,0,0,0,0,0,0,0,0,0
2020,6,23,0,0,0,0,0,0,0,0,0,0,0,0,0,0,0,0,0,0,0,0,0,0,0,0
2020,6,24,0,0,0,0,0,0,0,0,0,0,0,0,0,0,0,0,0,0,0,0,0,0,0,0
2020,6,25,0,0,0,0,0,0,0,0,0,0,0,0,0,0,0,0,0,0,0,0,0,0,0,0
2020,6,26,0,0,0.2,0,0,0,0,0.2,0.6,0,0,0,0,2.8,0.2,0,0,0,0,0,0,0,0,0
2020,6,27,0,0,0,0,0,0,0,0,0,0,0,0,0,0,0.2,0,1.2,6.4,3.2,0.4,0.2,1.2,0.2,0
2020,6,28,0,0,0,0.2,0,0,0,0,0,0,0,0,0,0,0,0,0,0,0,0,0,0,0,0
2020,6,29,0.2,0,0,0,0,0,0,0,0,0,0,0,0,0,0,0,0,1.2,0.6,0,0,0.2,0.4,0.2
2020,6,30,0,0,0,0,0.2,1.6,0,0,0,0,0,0,0,0,0,0,0,0,0,0,0,0.2,0.2,0
2020,7,1,0,0,0,0,0,0,0,0,0,0,0.2,0,0,0,0,0.2,4,3.4,0,0,0,0,0,0
2020,7,2,0,0,0,0,0,0,0,0,0,0.2,0,0.2,0,0,0,0,0,0,7.4,0.2,5,0.2,0,0
2020,7,3,0,0,0,0,0,0,0,0,0,0,0,0,0,0,0.6,0.6,0.8,0.2,0,0.8,0.2,0,0,0
2020,7,4,0,0,0,0.2,0,0,0.2,0,0,0,0,0,0,0,0,0,0,0,1.8,1,0.4,0,0,0
2020,7,5,0,0,0,0,0,0,0,0,0,0,0,0,0,0,0,0,0.2,0,0,0,0,0,0,0
2020,7,6,0,0,0,0,0,0,0,0,0,0,0,0.2,0,0,0,0,0,0,0,0,0,0,0,0
2020,7,7,0,0,0,0,0,0,0,0,0,0,0,0,0,0,0,0,0,0,0,0,0,0,0,0
2020,7,8,0,0,0,0,0,0.2,0.2,0.2,0.6,0.2,0,0,0,0,0,0,0,0,0,0,0,0,0,0
2020,7,9,0,0,0,0,0,0,0,0,0,0,0,0.2,0,0.2,0.2,0,0,0,0,0,0,0,0,0
2020,7,10,0,0,0,0,0,0,0,0,0,0.2,0,0.2,0,0,0,0,0,0,0,0,0.2,0,0,0
2020,7,11,0,0,0.2,0,0,1.8,2.8,0,0,0,0,0,0,0,0,0,0,0,0,0,0,0,0,0
2020,7,12,0,0,0,0,0,0,0,0,0,0,0,0,0,0,0,0,0,0,0,0,0,0,0,0
2020,7,13,0,0.2,0,0,0,0,0.6,1.4,2.2000000000000002,2,0.2,0,0,0,0,0,0,0,0,0,0,0,0,0
2020,7,14,0,0,0,0,0,0,0,0,0,0,0,0,0,0.2,0,0,0,0,0,0,0,0,0,0
2020,7,15,0,0,0,0,0.2,0,0,0,0,0,0,0,0,0.2,0.4,0.4,0,0.2,0,0.2,0,0,0,0
2020,7,16,0,0,0,0,0,0,0,0,0,0,0,0.2,0,0,0,0,0,0,0,0,0,0,0,0
2020,7,17,0,0,0,0,0,0,0,0,0,0,0,0,0,0,0,0,0,0.2,0,0,0,0,0,0
2020,7,18,0,0,0,0,0,0,0,0,0,0,0,0,0,0,0,0,0,0,0,0,0,0,0,0
2020,7,19,0,0,0,0,0,0,0,0,0,0,0,0,0,0,0,0,0,0,0,0,0,0,0,0
2020,7,20,0,0,0,0,1,0.2,0.4,0.2,0.6,0,0,0,0.2,0,0,0,0,0,0,0,0,0,0,0
2020,7,21,0,0,0,0,0,0,0,0,0,0,0,0,0,0,0,0,0,0,0,0,0,0,0,0
2020,7,22,0,0,0,0,0,0,0,0,0,0,0,0,0,0,0,0,0,0,0,0,0,0,0,0
2020,7,23,0,0,0,0,0,0,0,0,0,0,0,0,0,0,0,0,0,0,0,0.2,0,0,0,0
2020,7,24,0,0,0,0,0,0,0,0,0,0,0,0,0,0,0,0,0,0,0,0,0,0,0,0
2020,7,25,0,0,0,0,0,0,0,0,0,0,0,0,0,0,0,0,0.4,2.2000000000000002,0.2,0,0,0,0,0
2020,7,26,0,0,0,0.4,0,0,0,0,0,0,0,0,0,0,0,0,0,0,1.2,0,2,0,0,0
2020,7,27,0.2,0,0,0,0,0,0,0,0,0,0,0,0,0,0,0,1.4,3,0.8,0.2,0,0,0,0
2020,7,28,0,0,0,0,0,0,0,0,0,0,0,0.2,0,0,1.8,1.4,0.8,0.2,1.2,0,0,0,0,0
2020,7,29,0,0,0,0,0,0,0.2,0,0,0,0,0,0,0,0,0,0,0,0,0,0,0,0,0
2020,7,30,0,0,0,0,0,0,0.4,0,0,0,0.2,0,0,0,0,0,0,0,0,0,0,0,0,0
2020,7,31,0,0,0,0,0,0,0,0,0,0,0,0,0,0,0,0,0,0,0,0,0,0,0,0
2020,8,1,0,0,0,0,0,0,0.2,0,0,0,0,0,0,0,0,0,0,0,0,0,0,0,0,0
2020,8,2,0,0,0,0,0,0,0,0,0,0,0,0,0,0,0,0,0,0,0,0,0,0,0,0
2020,8,3,0,0,0,0,0,0,0,0,0,0,0,0,0,0,0,0,0,0,0,0,0,0,0,0
2020,8,4,0,0,0,0,0,0,0,0,0,0,0,0,0,0,0,0,0,0,0,0,2.8,3.2,0,0
2020,8,5,0,0,0,0,0,0,0,0,1.4,0,0,0,0,0,0,0.8,3.6,4.8,1.6,1.4,0.2,0,0,0
2020,8,6,0,0,0,0,0,0,0,0,0,0,0,0,0,0.2,0,0,0,0,0,0,0,0,0,0
2020,8,7,0,0,0,0,0,0,0,0.2,0,0,0,0,0,0,0.2,0,0,0,0,0,0,0,0,0
2020,8,8,0,0,0,0,0,0,0,0,0,0,0,0.2,0,0.8,0,0,0,0,0,0,0,0,0,0
2020,8,9,0,0,0,0,0,0.2,0,1.6,0.2,0,0,0,0,0,0,0,0,0,0,0,0,0,0,0
2020,8,10,0,0,0,0,0,0,0,0,0,0,0,0,0,0,0,0,0,0,0,0,0,0,0,0
2020,8,11,0,0,0,0,0,0,0,0,0,0,0,0,0,0,0,0,0,0,0,0,0,0,0,0
2020,8,12,0,0,0,0,0,0,0,0,0,0,0,0,0,0,0,0,0,0,0,0,0,0,0,0
2020,8,13,0,0,0,0,0,0,0,0,0,0,6.6,2.6,0,0,0,0,0,0,1,0,0,0,0,0
2020,8,14,0,0.2,0,0,0,0,0,0,0,0,0,0,0,0,0,0,0.6,1.8,0.4,3,2.8,0,0,0
2020,8,15,0.4,3.6,1.8,0.6,0,0.2,0,0,0,0,0,0,0,0,0,0,0,0.2,9.8000000000000007,2,0.2,0,0,0
2020,8,16,0,0,0.4,0,0,0,0,0,0,0,0,0.2,0,0,0,0,0.2,0,0,0,0,0,0,0
2020,8,17,0,0,0,0,0,0,0,0,0,0,0.2,0,0,0,0,0,0,0,0,0,0,0,0,0
2020,8,18,0,0,0,0,0,0,0,0,0,0,0,0,0,0,0,0,0,0,0,0,0,0,0,0
2020,8,19,0,0,0,0,0,0,0,0,0,0,0,0,0,0,0,0,0,0,0.4,1.2,0.8,0,0,0
2020,8,20,0,0,0,0,0,0,0,0,0,0,0,0,0,0.8,1.4,2.8,5,0.8,0.2,0,0,0,0,0
2020,8,21,0,0,0,0,0,0,0,0,0,0,0,0.2,8.6,1.8,0.4,14,6.6,7.2,0.6,5.8,3.4,0.6,0,0
2020,8,22,0,0,0,0,0,0,0,0,0,0,0,0,0,0,0,0,0,0,0,0,0,0,0,0
2020,8,23,0,0,0,0,0,0,0,0,0,0,0,0,0,0,0,0,1.4,1,0.2,0,0,0,0,0
2020,8,24,0,0,0,0,0,0,0,0,0,0,0,0,0,0,0,0.2,0,0,0,0,0,0,0,0
2020,8,25,0,0.2,0,0,0,0,0,0,0,0,0,0,0,0,0,0,0,0,0,0,0,0,0,0
2020,8,26,0,0,0,0,0,0,0,0,0,0,0,0,0,0,0,0,0,0,0,0.2,0,0,0,0
2020,8,27,0,0,0,0,0,0,0,0,0,0.2,0,0,0,0,0,0,0,0,0,0,0,0,0,0
2020,8,28,0,0,0,0,0,0,0,0,0,0,0,0,0,0,0.2,2.2000000000000002,0.4,0.4,0.8,0,0,0,0,0
2020,8,29,0,0,0.2,0,0,0,0,0,0,0,0,0,0,0,0,0,0,0,0,0,0.6,0,0,0
2020,8,30,0,0,0,0,0,0,0,0.2,0,0,0,0.2,2.6,0.8,0,0,0,0,0,0,0,0,0,0
2020,8,31,0,0,0,0,0,0,0,0,0,0,0,0,0,0,0,0,0,0,0,0,0,0,0,0
2020,9,1,0,0,0,0,0,0,0,0,0,0,0,0,0,0,0,0,0,0.6,0,0,0,0,0,0
2020,9,2,0,0,0,0.2,0,0,0,0,0,0,0,0,0,3.2,0.8,34,0.2,0,0.4,0,0,0,0,0
2020,9,3,0,0,0,0,0,0,0,0,0,0,0,0,0,0,0,1.2,3.4,0,0.2,4.8,4.4000000000000004,0,0.4,0
2020,9,4,0,0,0,0,0,0,0,0,0,0,0,0,0,0,0.6,0,0,0,0,0,0,0,0,0
2020,9,5,0,0,0,0,0,0,0,0,0,0,0,0.2,0,0,0,0,1,0,0,0,0,0,0,0
2020,9,6,0,0,0,0,0,0,0,0,0,0,0,0.2,0,0,0,0,0,0,0,0,0,0,0,0
2020,9,7,0,0,0,0,0,0,0,0,0,0,0,0,0,0,1.4,6.6,2,0.4,0,0,0,0,0.2,0
2020,9,8,0,0.2,0,0,0,0,0,0,0,0,-,0,0,0,0,0,0,0,0,0,0,0,0,0
2020,9,9,0,0,0,0,0,0,0,0,0,0,0,0,0,0,0,0,0,0.2,0,0,0,0,0,0
2020,9,10,0,0,0,0,0,0,0,0,0,0,0.2,0,0,0,0,0,0,0,0,0,0,0,0,0
2020,9,11,0,0,0,0,0,0,0,0,0,0,0,0,0,0,0,0,0,0,0,0,0,0,0,0
2020,9,12,0,0,0,0,0,0,0,0,0,0,0,0,0,0,0,0,22,5.4,5.2,5.8,1.8,0.8,0.2,0
2020,9,13,0,0.2,0,0,0,0,0,0,0,0,0,0,0,0,0,0,0,0,0,0,0,0,0,0
2020,9,14,0,0,0,0,0,0,0,0,0,0,0,0,0,0,4.2,2.6,1.6,1.8,6.8,10,3.2,0,0,0
2020,9,15,0,0,0,0,0,0,0.2,0,0,0,0,0,0,0,0,7,0,0,0,0,0,0,0,0
2020,9,16,0,0,0,0,0,0,0,0,0.2,0,0,0,0,0,0,0,0,0,0,0,0,0,0,0
2020,9,17,0,0,0,0,0,0,0,0,0,0,0,0,0,0,0,0,0,3.6,3.8,0.8,0,0,0,0
2020,9,18,0,0,0,0,0,0,0,0,0,0,0,0.2,0,0,14.6,8.8000000000000007,4.4000000000000004,5,0.4,0.4,0,0,0,0
2020,9,19,0,0,0,0,0,0,0,0,0,0,0,0,0,0.2,0,0,0.2,0.2,0,0,0,0,0,0
2020,9,20,0,0,0,0,0,0,0,0,0.2,0,0,0,0,0,0,0,0,0,0,0,0,0,0,0
2020,9,21,0,0,0,0,0,0,0,0,0,0,0,0,0,0,0,0,0,0,0,0,0,0,0,0
2020,9,22,0,0,0,0,0,0,0,0,0,0,0,0,0,0,0,0,0,0,0,0,0,0,0,0
2020,9,23,0,0,0,0,0,0,0,0,0,0,0,0,0,0,0,0.2,0,1.6,1.8,0.4,0,0,0.2,0
2020,9,24,0.2,0,0,0,0,0,0,0,0,0,0,5.4,5.6,0,7.2,16.600000000000001,1,1.4,1.2,0,0,0.2,0.2,0
2020,9,25,0,0,0,0,0,0,0,0,0,0,0,0,0,0,0,0,0,10.6,3.8,0,0,0,0,0
2020,9,26,0,0,0,0,0,0.4,0,0,0,0,0,0,0,0,0,1.2,1.8,2,0,0,0,0.2,0,0.2
2020,9,27,0,0,0,0,0,0,0,0,0,0,0,0,0,0,0,0.2,1.4,0.2,0.2,0,0,0,0.2,0
2020,9,28,0,0,0,0,0,0,0,0,0,0,0,0,0,0,0,0,0,0,0.2,0,0,0,0,0.2
2020,9,29,0,0,0,0,0,0,0,0.2,0,0,0,0,0,0,0,0,0,0,0,0,0,0,0,0
2020,9,30,0,0,0,0,0,0,0,0,0,0,0,0,0,0,0,0,0,0,0,0,0,0,0,0
2020,10,1,0,0,0,0,0,0,0,0,0,0,0.2,0,0,0.2,0.6,1.4,0.2,0,1,0.8,0.2,0,0,0
2020,10,2,0,0,0,0,0,0,0,0,0,-,-,-,-,-,-,-,-,-,-,-,-,-,-,-
2020,10,16,-,-,-,-,-,-,-,-,-,0,0,0,0,0,0,0,0,0,0,0,0,0,0,0
2020,10,17,0,0,0,0,0,0,0,0,0,0,0,0,0,0,0,0,0,0,0,0,0,0,0,0
2020,10,18,0,0,0,0,0,0,0,0,0,0,0,0,0,0,0,0,0,0.2,0,0,0,0,0,0
2020,10,19,0,0,0,0,0,0,0,0,0,0,0,0.2,0,0,0,1.2,1.8,1,0,0,0,0,0,0
2020,10,20,0.2,0,0,0,0,0,0.2,0,0,0,0,0,0,0,0,4.8,11,0.8,2.6,1,0.2,0,0,2
2020,10,21,3.4,0.2,0.6,2,0.2,2,5,1,0,0,0,0,0,0,0.2,0,0,0,0,0,0,0,0,0
2020,10,22,0,0,0,0,0,0,0,0,0,0,0,0,0,0,0,0,0,0,0,0,0,0,0,0
2020,10,23,0,0,0,0,0,0,0,0,0,0,0,1.2,0.6,0,3.6,0.2,0,0,0,0,0,0.2,0,0
2020,10,24,0,0,0,0,0,0,0,0,0,0,0.2,0,0,1.6,10,0.2,5.6,4.4000000000000004,1.2,0.4,0,0,0,0
2020,10,25,0,0,0,0,0,0,0,0,0,0,0,0,0,0,0,0,0.2,0,1.2,0.2,0,0,0,0
2020,10,26,0,0,0,0.2,0,0,0,0,0,0,0,0,0,0,0,0,0,0,0,0,0,0,0,0
2020,10,27,0,0,0,0,0,0,0,0,0,0,0,0,0.2,0,0,0,0,0,0,0,0,0,0,0
2020,10,28,0,0,0,0,0.2,0,0,0,0,0,0,0,0,0,0,0,0,0,0,0,0,0,0,0
2020,10,29,0,0,0,0,0,0,0,0,0,0,0,0,0,0,0,0,0,0,0,0,0,0,0,0
2020,10,30,0,0,0,0,0,0,0,0,0,0,0,0,0,0,1,0.6,0.2,0.4,0,0,0.4,0.4,0.2,0.2
2020,10,31,0,0,0,0,0,0,0,0,0,0,0,0,0,0,0,0,0,6.4,2.8,0,0,0,0,0
2020,11,1,0,1.6,0,0,0,0,0.2,0,0,0,0,0,0,0,0,5.8,0.4,1.8,1.6,8,6,7,2.6,3
2020,11,2,1,0.8,0.2,0.2,0,0,0,0,0,0,0,0,0,0,0.4,0.6,0.2,0,0,0.2,0,0,0,0
2020,11,3,0,0,0,0,0.4,0.2,2.4,5.6,1.8,4.2,0.6,0,0.4,0.4,0,0,0,2,1,0,0,0,0,0.6
2020,11,4,0.6,2.6,0.6,0.4,2,0.8,0.2,0.8,0.4,0.4,0,0,1.2,0,0,0.2,0,0,0,0,0,0,0,0
2020,11,5,0,0,0.6,7.6,5.8,2.6,2.4,0.4,0.8,1.2,0,1,0,0.2,0,0,0,0,0,0,0,0,0,0
2020,11,6,0,0,0,0,0,0,0,0,0,0,0,0,0,0,0,0,0,0,0,0,0,0,0,0
2020,11,7,0,0,0,0,0,0,0,0,0,0,0,0,0,0,0,0,0,0,0,0,0,0,0,0
2020,11,8,0,0,0,0,0,0,0,0,0,0,0,0,0,0,0,0,0,0,0,0,0,0,0,0
2020,11,9,0,0,0,0,0,0,0,0,0,0,0,0,0,0,0,0,0,0,0,0,0,0,0,0
2020,11,10,0,0,0,0,0,0,0,0,0,0,0,0.2,0,0,0,18.8,3.8,2.2000000000000002,2.2000000000000002,2.8,0,0,0,0.4
2020,11,11,0,0,0,0,0,0,0,0,0,0,0,0,0,0,3,0,0.2,0,0.8,0,0,0,0,0
2020,11,12,0,0,0,0,0,0,0,0,0,0,0,0,0,0,0,0,0,0,0,0,0,0,0,0
2020,11,13,0,0,0,0,0,0,0.2,0,0,0,0,0,0,0,0,0,0,0,1.4,0,0,0.2,0,0
2020,11,14,0,0,0,0,0,0,0.2,0,0,0,0,0,0,0,0,0,6,10.4,3.2,1.2,0.2,0,0,0
2020,11,15,0,0,0,0,0,0,0,0,0,0,0,0,0,0,0,0,0,0,0.2,0.2,0,0,0,0
2020,11,16,0,0,0,0,0,0,0,0,0,0,0,0,0,0,0,0,0,0,0,0,0,0,0,0
2020,11,17,0,2.6,1,0.4,0,0,0,0,0,0,0,0,0,0,0,0,0,0,0,0,0,0,0,0
2020,11,18,0,0,0,0,0,0,0,0,0,0,0,0,0,1,0,0,0.2,13.8,1,0,0,0,0,0
2020,11,19,0,0,0,0,0,0,0,0,0,0.2,0,0,0,0,1.6,0,0,0,0,2.2000000000000002,0.2,0,0,0
2020,11,20,0,0,0,0,0,0,0,0,0,0,0,0.2,1.4,0.6,0.4,0.2,0,0,0,0,0,0,0,0
2020,11,21,0,0,0,0,0,0,0,0,0,0,0,0,0,0,0,0,0,0,0,0,0,0,0.4,0
2020,11,22,0,0,0,0,0,0,0,0,0,0,0,0,0,6.8,24.4,8.8000000000000007,0.4,0.2,0,0,0,0,0,0
2020,11,23,0,0,0,0,0,0,0,0,0,0,0,0,0,0,0,0,0,0,0,0,0.4,1,0.8,0
2020,11,24,0.4,0.4,0.2,0,0,0,0,0,0,0,0,0,0,0,0,0,0,0.2,3,0,0.2,0,0,0
2020,11,25,0,0,0,0.4,0,0,0,0,0,0,0,0,0,0,0,0,0,0,0,0,0,0,0,0
2020,11,26,0,0,0,0,0,0,0,0,0,0,0.2,0,0,0,0,0,0,0,0,0,0,0,0,0
2020,11,27,0,0,0,0,0,0,0,0,0.2,0,0,0,0,0,0,0,0,0,0,0,0,0,0,0
2020,11,28,0,0,0,0,0,0,0,0,0,0,0,0,0,0,0,0,0,0,0,0,0,0,0,0
2020,11,29,0,0,0,0,0,0,0.2,0,0,0,0,0,0,0,0,0,0,0,0,0,0,0,0,0
2020,11,30,0,0,0,0,0,0,0,0,0,0,0,0.2,0,0,0,0.2,0,0.2,0,0,0,0,0,0
2020,12,1,0,0,0,0,0,0.4,0,0,0,0,0,0,0,0,0,0,0.2,0,0,0,0.2,0,0,0
2020,12,2,0,0,0,0,0,0,0,0,0,0,0,0,0,0,0,1.4,0,0.2,0,0,0,1.2,0,0
2020,12,3,0,0,0,0,0,0,0,0,0,0,0,0,0,0,0,0,2.4,1.4,0,0.2,0,0.6,0,0.4
2020,12,4,0,0,0,0,0,0,0,0,0,0,0,0,0,0,0,0,0,0,0,0,0,0,0,0
2020,12,5,0,0,0,0,0,0,0,0,0,0,0,0,0,0,0,0,0,0,0,0,0,0,0,0
2020,12,6,0,0,0,0,0,0,0,0,0,0.2,0,0,0,0,0,0,0,0,0,0,0,0,0,0
2020,12,7,0,0,0,0,0,0,0,0,0,0,0,0,0,0,0,0,0,0,0,0,0,0.2,0.6,0.6
2020,12,8,0.4,0.8,1,0,0,0,0.2,0,0,0,0,0,0,0,0,0,0,0,0,0,0,0,0,0
2020,12,9,0,0,0,0,0,0,0.2,0,0.2,0.6,0,0.2,0.4,0,0.4,0.8,0.4,0.8,0.6,0.6,0.6,0.6,0.8,1
2020,12,10,0.4,0.4,0.4,0.4,0,0.2,0,0,0,0.4,2.2000000000000002,0.6,0,0.2,0,0,0,0.2,0.4,0.2,0.2,0.4,0.2,0.2
2020,12,11,0,0.6,0,0.2,0,0.2,0.2,0.4,0.8,0.4,0,0,0,0,0,0,0,0,0,0,0,0,0,0
2020,12,12,0,0,0,0,0,0,0,0,0,0,0,0,0,0,0,0,0,0,0,0,0,0,0,0
2020,12,13,0,0,0,0,0,0,0,0,0,0,0,0,0,0,0,0,0,0,0,0,0,0,0,0
2020,12,14,0,0,0,0,0,0,0,0,0,0,0,0,0,0,0,0,0,0,0,0,0,0,0.2,0
2020,12,15,0,0,0,0,0,0,0,0,0,0,0,0,0,0,0,0,0,0,0,0,0,0,0,0
2020,12,16,0,0,0,0,0,0,0,0,0,0,0,0,0,0,0,0,0,0,0,0,0,0,0,0
2020,12,17,0,0,0.2,0,0,0,0,0,0,0.2,0.8,0,0,0,0,0,0,0,0.8,0,0,0,0,0.2
2020,12,18,0,0,0,0,0,0,0,0,0,0.4,0,0,0,0,0,0,0,0,0,0,0,0,0,0
2020,12,19,0,0,0,1,0.6,0,0,0.2,0.8,0,0.4,0,0.2,0.2,0,0,0,0.4,0,0,0,0,0,0
2020,12,20,0,0,0,0.6,0.2,0,0.6,1,0.4,0,0,0,0,0,0,0,0,0,0,0,0,0,0,0
2020,12,21,0,0,0,0,0,0,0,0,0,0,0,0,0,0,0,0,0,0,0,0,0,0,0,0
2020,12,22,0,0,0,0,0,0,0,0,0,0,0,0,0,0,0,0,0,0,0,0.4,0.2,0,0,0
2020,12,23,0,0,0,0,0,0.8,1.8,1,0.2,1.4,1.6,0,0,0,1.8,0.4,1.6,0.6,0,0.2,0,0,0,0
2020,12,24,0,0,0,0,0,0,0,0,0,0,0,0,0,0,0,0,0,0,0,0,0,0,0,0
2020,12,25,0,0,0,0,0,0,0,0,0.2,0,0,0,0,0,0,0,0,0,0,0.2,0,0,0,0
2020,12,26,0,0,0,0,0,0,0,0,0,0.2,0,0,0,0,0,0,0,0,0,0,0,0,0.2,0
2020,12,27,0.2,0,0,0,0,0,0,0,0,0,0,0,0,0,0,0,0,0.4,0.8,0.4,0.2,1.2,1,0.4
2020,12,28,0.2,0.6,0.4,0.4,0.2,0,0.2,0,0.2,0,0.4,0,0,0,0,0,0,0,0,0,0.2,0,0,0.2
2020,12,29,0.8,0,0.4,0.4,0.2,0,0,0,0,0,0,0,0,0,0,0,0,0,0,0,0,0,0,0
2020,12,30,0,0,0,0,0,0,0,0,0,0,0,0,0,0,0,0,0,0,0,0,0,0,0,0
2020,12,31,0,0,0,0,0,0,0,0,0,0,0,0,0,0,0,0,0,0,0,0,0,0,0,0
2021,1,1,0,0,0,0,0,0,0,0,0,0,0,0,0,0,0,0,0,0,0,0,0,0,0,0
2021,1,2,0,0,0,0,0,0,0,0,0,0,0,0,0,0,0,0,0,0,0,0,0,0,0,0
2021,1,3,0,0,0,0,0.2,0,0,0,0,0,0,0,0,0,0,0,0,0,0,0,0,0,0,0
2021,1,4,0,0,0,0,0,0.2,0.4,0,0,0,0,0,0,0,0,0,0,0,0,0,0,0,0,0
2021,1,5,0,0,0,0,0,0.2,0,0,0,0,0,0,0,0,0,0,0,0,0,0,0,0,0,0
2021,1,6,0,0,0,0.2,0,0,0,0,0,0,0,0,0,0,0,0,0,0,0,0,0,0,0,0
2021,1,7,0,0,0,0,0,0,0,0,0.2,0,0,0,0,0,0,0,0,0,0,0,0,0,0,0
2021,1,8,0,0,0,0,0,0.2,0,0,0,0,0,0,0,0,0,0,0,0,0,0,0,0,0,0
2021,1,9,0,0,0,0,0,0,0,0.2,0,0,0,0,0,0,0,0,0,0,0,0,0,0.6,0.2,0
2021,1,10,0,0,0,0,0,0,0,0.2,0.2,0.2,0.2,0,0,0,0,0,0,0,0,0,0,0,0,0
2021,1,11,0,0,0,0,0,0.2,0,0,0,0,0,0,0,0.8,0.2,0,0,0,0,0,0,0,0,0
2021,1,12,0.2,0.8,1,1,1,0.2,0.2,1,0.6,0.6,0,1,0.4,0.2,0.4,0,0,0,0,0,0.2,0,0.4,0
2021,1,13,0.2,0.4,0.2,0.2,0,0,0.2,0,0,0,0,0,0,0,0,0,0,0,0,0,0,0,0,0
2021,1,14,0,0,0,0,0,0,0,0,0,0,0,0,0,0,0,0,0,0,0,0,0,0,0,0
2021,1,15,0,0,0,0,0,0,0,0,0,0,0,0,0,0,0,0,0,0,0,0,0,0,0,0
2021,1,16,0,0,0,0,0,0,0,0,0,0,0,0,0,0,0,0,0,0,0,0,0,0,0,0
2021,1,17,0,0,0,0.2,0,0,0,0,0,0,0,0,0,0,0,0,0,0,0,0,0,0,0,0.2
2021,1,18,0,0,0,0,0,0,0,0,0,0,0,0,0,0.2,0,0,0,0,0,0,0,0,0,0
2021,1,19,0,0,0,0,0,0,0,0,0,0,0,0,0,0,0,0,0,0,0,0.4,2.2000000000000002,0,0,0
2021,1,20,0.4,0.2,0,0,0,0,0,0.2,0.4,0,0,0,0,0,0,0,0,1.6,0.8,0.2,0,1.8,1.6,1.8
2021,1,21,2.8,1,0.2,1.8,0,0,0.4,1.6,2,1.2,1.6,2,1.8,2.2000000000000002,0,0.2,0.2,0.2,0,0,0,0,0,0.2
2021,1,22,0,0,0,0,0,0,0,0,0,0,0,0,0,0,0,0,0,0,0,0,0,0,0,0
2021,1,23,0,0,0,0,0,0,0,0,0,0,0,0,0,0.2,0,0,0,0,0,0,0,0,0,0
2021,1,24,0,0,0,0,0,0,0,0,0,0,0,0,0,0,0,0,0,0,0,0,0,0,0,0
2021,1,25,0,0,0,0,0,0,0,0,0,0,0,0,0,0,0,0,0,0,0,0,0,0,0,0
2021,1,26,0,0,0,0,0,0,0.2,0,0,0,0,0,0,0,0,0,0,0,0,0,0,0,0,0
2021,1,27,0,0,0,0,0,0,0,0,0,0,0,0,0,0,0,0,0,0,0,0,0,0,0,0
2021,1,28,0,0,0,0,0,1,0.2,0,0,0,0,0,0,0,0.2,0.2,0.4,0,0,0.2,0.6,1.6,0.4,0
2021,1,29,0,0,0,1,0.2,0,0.4,0,0.2,0,0,0.2,0,0,0,0,0,0,0,0,0,0,0,0
2021,1,30,0,0,0,0,0,0,0,0,0,0,0,0,0,0,0,0,0,0,0,0,0,0,0,0
2021,1,31,0,0,0,0,0,0,0,0,0,0,0,0,0.2,0,0,0,0,0,0,0,0,0,0,0
2021,2,1,0,0,0,0,0,0,0,0,0,0,0,0,0,0,0,0,0,0,0,0,0,0,0,0
2021,2,2,0,0,0,0,0,1.2,0.6,0.2,0.4,0,0.2,0.2,0.2,0.4,0,0,0,0.4,0.6,0.2,0,0.4,0.4,0.2
2021,2,3,0,0.2,0.2,0.2,0.2,0,0.2,0,0,0,0,0,0,0,0,0,0,0,0,0.4,0.2,0,0.2,0.2
2021,2,4,0.2,0.2,0,0,0,0,0,0,0.2,0,0,0,0,0,0,0,0,0,0,0,0,0,0,0
2021,2,5,0,0,0,0,0,0,0,0,0,0,0,0,0,0,0,0,0,0,0,0,0,0,0,0
2021,2,6,0,0,0,0,0,0.2,0,0,0,0,0,0,0,0,0,0,0,0,0,0,0,0,0,0
2021,2,7,0,0,0,0,0,0,0,0,0,0,0,0,0,0.2,0,0,0,0,0,0,0,0,0,0
2021,2,8,0,0,0,0,0,0,0,0,0,0,0,0,0,0,0,0,0,0,0,0,0,0,0,0
2021,2,9,0,0,0,0,0,0,0,0,0,0,0,0,0,0.2,0,0,0,0,0,0,0,0,0,0
2021,2,10,0,0,0,0,0,0,0,0,0,0,0,0,0,0,0,0,0,0,0,0,0,0,0,0
2021,2,11,0,0,0,0,0,0,0,0,0,0,0,0,0,0,0,0,0,0,0,0,0,0,0,0
2021,2,12,0,0,0,0,0,0,0,0,0,0,0,0,0,0,0,0,0,0,0,0,0,0,0,0
2021,2,13,0,0,0,0,0,0,0,0,0,0,0,0,0,0,0,0,0,0,0,0,0,0,0,0
2021,2,14,0,0,0,0,0,0,0,0,0,0,0,0,0,0,0,0,0,0,0,0,0,0,0,0
2021,2,15,0,0,0,0,0,0,0,0,0,0,0,0,0,0,0,0,0,0,0,0,0,0,0,0
2021,2,16,0,0,0,0,0,0,0,0,0,0,0,0,0,0,0,0,0,0,0,0,0,0,0,0
2021,2,17,0,0,0,0,0,0,0,0,0,0,0,0,2,0,0,0,0,0,0,0,0,0,0,0
2021,2,18,0,0,0,0,0,0,0,0,0,0,0,0,0,0,0,0,0,0,0,0,0,0,0,0
2021,2,19,0,0,0,0,0,0,0,0,0,0,0,0,0,0,0,0,0,0,0,0,0.2,0,0,0
2021,2,20,0.2,0.4,0,0,0.2,0,0,0,0,0,0.2,0,0,0,0,0,0,0,0,0,0,0,0,0
2021,2,21,0.2,0,0,0,0.2,0.2,0,0,0,0,0,0,0,0,0,0,0,0,0,0,0,0,0,0
2021,2,22,0,0,0,0,0,0,0,0,0,0,0,0,0,0,0,0,0,0,0,0,0,0,0,0
2021,2,23,0,0,0,0,0,0,0,0,0,0,0,0,0,0,0,0,0,0,0,0,0,0,0,0
2021,2,24,0,0,0,0,0,0,0,0,0,0,0,0,0,0,0,0,0,0,0,0,0,0,0,0
2021,2,25,0,0,0,0,0,0,0,0,0,0,0,0,0,0,0,0,0,0,0,0,0,0,0,0.2
2021,2,26,0,0,0,0,0,0,0,0.2,0,0,0.2,0,0,0,0,0,0,0,0,0,0,0,0,0
2021,2,27,0,0,0,0,0,0,0,0,0,0.2,0,0.2,0,0,0,0.4,0,0,0,0.2,0,0,0,0
2021,2,28,0,0,0,0,0,0,0,0,0,0,0,0,0.2,0,0,0,0,0,0,0,0,0,0,0
2021,3,1,0,0,0,0,0,0.2,0.2,0.2,0,0.4,0,0,0,0,0,0,0,0,0,0,0,0,0,0.4
2021,3,2,0,0.4,0,0.2,0.2,0.4,0,0.2,0,0,0,0,0,0,0,0,0,0,0,0,0,0,0,0
2021,3,3,0,0,0,0,0,0,0,0,0,0.2,0,0,0,0,0,0,0,0,0,0,0,0,0,0
2021,3,4,0,0,0.2,0,0,0,0,0,0.2,0,0,0,0,0,0,0,0,0,0,0,0,0,0,0
2021,3,5,0,0,0,0,0,0,0,0,0,0,0,0,0,0,0,0,0,0,0,0,0,0,0,0
2021,3,6,0,0,0,0,0,0,0,0,0,0,0,0,0,0,0,0,0,0,0,0,0,0,0,0
2021,3,7,0,0,0,0,0,0,0,0,0,0,0,0,0,0,0,0,0,0,0,0,0,0,0,0
2021,3,8,0,0,0,0,0,0,0.2,0,0,0,0,0,0,0,0,0,0,0,0,0,0.2,1,0.2,0.4
2021,3,9,0,0.2,0.4,0.4,0,0.8,0,0,0,0,0,0,0,0,0,0,0,0,0,0,0,0,0,0
2021,3,10,0,0,0,0,0.4,0,0,0,0,0,0,0,0,0,0,0,0,0,0,0,0,0,0,0
2021,3,11,0,0,0,0,0,0,0,0,0,0,0,0,0,0.2,0,0,0,0,0,0,0,0,0,0
2021,3,12,0,0,0,0,0.2,0,0,0,0,0,0,0,0,0,0,0,0,0,0,0,0,0,0,0
2021,3,13,0,0,0,0,0,0,0,0.4,0,0,0,0,0,0,0,0,0,0,0,0,0,0,0,0
2021,3,14,0,0,0,0,0,0,0,0,0,0,0,0,0,0,0,0,0,0,0,0,0,0,0,0
2021,3,15,0,0,0,0,0,0,0.2,0,0,0,0,0,0,0,0,0,0,0,0,0,0,0,0,0
2021,3,16,0,0,0,0,0,0,0,0,0,0,0,0,0,0,0,0,0,0,0,0,0,0,0,0
2021,3,17,0,0,0,0,0,0,0,0,0,0,0,0,0,0,0,0,0,0,0,3,0.2,0,0,0
2021,3,18,0,0,0,0,0,0,0,0,0,0,0.2,0,0,0,0,6.6,0,0,0,0,0,0,0,0
2021,3,19,0,0,0,0,0,0,0,0,0,0,0.4,1.2,0,0,0,0,0,0,0.4,0,0,0.4,0.2,0.2
2021,3,20,0.4,0.2,0.2,0,0.4,0.2,0,0,0,0,0,0,0,0,0,0,0,0,0,0,0,0,0,0
2021,3,21,0,0,0,0,0,0,0,0,0,0,0,0.2,0,0,0,0,0,0,0,0.2,0,0.2,0.4,0
2021,3,22,0,0,0,0,0,0,0,0,0,0,0.2,0,0,0,0,0,0,0,0,0,0,0,0,0
2021,3,23,0,0,0,0,0,0,0,0,0,0,0,0,0,0,0,0,0,0,0,0,0,0,0,0
2021,3,24,0,0,0,0,0,0,0,0,0,0,0,0,0,0,0,0,0,0,0,0,0,0,0,0
2021,3,25,0,0,0,0,0,0,0,0,0,0,0,0,0,0,0,0,0,0,0,0,0,0,0,0
2021,3,26,0,0,0,0,0,0,0,0,0,0,0,0,0,0,0,0,0,0,0.2,1.4,1.8,0.8,0.6,0.4
2021,3,27,0.2,0,0.2,0.2,1.2,0.4,0.2,0,0,0,0,0,0,0,0,0,0,0,0,0,0,0,0,0
2021,3,28,0,0,0,0,0,0,0,0,0,0,0,0,0,0,0,0,0,0,0,0,0,0,0,0
2021,3,29,0,0,0,0,0,0,0,0,0,0,0,0,0,0,0,0,0,0,0,0,0,0,0.2,0
2021,3,30,1,0.8,0.8,0.6,0.8,0.2,0.6,1,0.2,0,0.6,0,0,0,0,0,0,0,0,0,0,0.4,0,0.4
2021,3,31,0.8,0.8,0.2,0.2,0.6,0,0.6,0.6,0.4,1,1.4,2.6,0.6,1.2,2.4,0.2,1,0.8,0,1.6,0.6,1.4,0.4,3
2021,4,1,1,1.8,2.2000000000000002,2,0.6,1.2,1.6,0.8,0,0.2,4.2,2.4,0.6,0.4,0,0,0,0.8,0.4,0.2,0,0.2,0.2,0
2021,4,2,0,0,0,0,0,0.2,0,0,0,0,0.2,0,0,0,0,0,0,0,0,0,0,0,0.2,0.4
2021,4,3,0,0,0,0,0,0,0,0,0,0,0,0,0,0,0,0,0,0,0,0,0,0,0,0
2021,4,4,0,0,0,0,0,0.2,0,0,0,0,0,0,0,0,0,0,0,0,0,0,0,0,0,0
2021,4,5,0,0,0,0,0,0,0,0,0,0,0,0,0,0,0,0,0,0,0,0,0,0,0,0
2021,4,6,0,0,0,0,0,0,-,-,0,0,0,0,0,0,0,0,0,0,0,0,0,0,0,0
2021,4,7,0,0,0,0,0,0,0,0,0,0,0,0,0,0,0,0,0,0,0,0,0,0,0,0
2021,4,8,0,0,0,0,0,0,0,0,0,0,0,0,0,0,0,0.6,0.2,0,0.2,0,0,0,0,0
2021,4,9,0,0,0,0,0,0,0,0.2,0,0,0,0,0,0,0,0.2,0,0,0,0.4,0,0,0,0.2
2021,4,10,0,0.2,0.2,0.2,0,0,0,0,0.2,0,0,0,0,0,3,2.6,0,0.2,0.2,0,0,0,0,0
2021,4,11,0,0,0,0,0,0,0,0.2,0,0,0,0,0,0,0,0,0,0,0,0,0,0,0,0
2021,4,12,0,0,0,0,0,0,0,0,0,0,0,0,0,0,0,0,0,0,0,0.4,0,0,0,0
2021,4,13,0,0,0,0,0,0,0,0,0,0,0,0,0,0,0,0,0,0,0,0,0,0,0,0
2021,4,14,0,0,0,0,0,0,0,0,0,0.4,0.6,0,1.2,5.6,3.8,4.5999999999999996,2.8,3.6,2.6,1.8,3.6,4,1.4,0.2
2021,4,15,0.4,1,1.8,2,0.2,0,0.4,4.4000000000000004,1.4,0.8,1.6,0.2,3.2,4.4000000000000004,5,2.2000000000000002,0.6,0.4,0.2,0,0,0,0,0
2021,4,16,0,0,0,0,0,0,0,0,0,0,0.2,0,0,0,0,0,2.8,10.199999999999999,5.4,5.8,0.2,0.2,0,0
2021,4,17,0,0,0,0,0,0,0,0,0,0,0,0,0,0,1.2,3.2,3.4,0.4,0.6,1.6,1.2,0.2,0.2,0
2021,4,18,0,0,0,0,0,0,0,0,0,0,0,0,0,0,0,4,16,0.6,2,0.4,0,0.2,0,0
2021,4,19,0,0,0,0,0,0,0,0,0,0,0,0,0,0,0,0,0,0,0,0,0,0,0,0
2021,4,20,0,0.2,0,0,0,0,0.6,0,0,0,0,0,0,0,0,0.2,0,0,0,0,0.8,0,0,0
2021,4,21,0,0,0,0,0,0,0,0,0.2,0,0,0,0,0,0,0,0,0.8,0.4,0.2,0.6,0,0,0
2021,4,22,0,0,0,0,0,0,0,0.6,0,0,0,0,0,0,0,0,0,0,0,0,0,0,0,0
2021,4,23,0,0,0,0,0,0,0,0,0,0,0,0,0,0,0,0,0,0,0,0,0,0,0,0
2021,4,24,0,0,0,0,0,0,0,0,0,0,0,0,0,0,0,0,0,0,0,0,0,0,0,0
2021,4,25,0,0,0,0,0,0,0,0,0,0,0,0,0,0,0,0,0,0,0,0,0,0,0,0
2021,4,26,0,0,0,0,0,0,0,0,0,0,0,0,0,0,0,0,0,0,0,0,0,0,0,0
2021,4,27,0,0,0,0,0,0,0,0,0,0,0,0,0,0,0,0,0,0,0,0,0,0,0,0
2021,4,28,0,0,0,0,0,0,0,0,0,0,0,0,0,0,0,0,0,0,0,0,0,0,0,0
2021,4,29,0,0,0,0,0,0,0,0,0,0,0,0,0,0,0,3.2,0.4,0,0,0,0,0,0,0
2021,4,30,0,0,0,0,0.2,0,0,0,0,0,0,0,0,0,0,0,0,0,0,0,0,0,0,0
2021,5,1,6.2,6.4,0.2,0,0,0,0,0,0,0,0,0,0,0,0,0,0,0,0,0,0,0,0.2,1
2021,5,2,1,1.6,0,0,0,0,0,0,0,0.2,0,0,0,39,5.4,2,0.6,0,0.2,0.4,0.2,0,0,0
2021,5,3,0,0,0,0,0,0,0,0,0,0,0.2,0,0,0,0,0,0,0,0,0,0,0,0,0
2021,5,4,0,0,0,0,0,0,0,0,0,0,0,4,7.6,3.8,1.4,1,0,0,0,0,0,0,0,0.4
2021,5,5,0,0,0,0,0,0,0,0,0,0,0,0,0,0,0,0,0,0,0,0,0.2,0,0,0
2021,5,6,0,0,0,0,0,0,0,0,0,0,0,0,0,0,0,0.4,0,0.4,0.6,0,0,0,0,0
2021,5,7,0,0,0,0,0,0,0,0,0,0,0,0,0.4,0.2,0,0.2,0.2,0,0,0,0,0,0,0.2
2021,5,8,0,0,0.6,0,0,0,0,0,0,0,0,0,0,0,0,0,0,0,0,0,0,0,0,0
2021,5,9,0,0,0,0,0.2,0,0.2,0,0,0,0,0,0,0,0,0,0,0,0,0,0,0,0,0
2021,5,10,0,0,0,0,0,0,0,1.4,1.6,1.4,0,0,0,0,0,0,0,0,0,0,0,0,0,0
2021,5,11,0,0,0.2,0,0,0,0,0,0,0,0,0,0,0,0,0,0,0,3.8,0.6,0.2,0,0,0
2021,5,12,0,0,0,0,0,0,0,0,0,0,0,0,0,0,0,0,0,0,0,0,0,0,0,0
2021,5,13,0,0.6,0.4,1.4,0.8,0.8,3.8,5.4,0.2,0,0,0,0,0,0,0,0,0,0,0,0,0,0,0
2021,5,14,0,0,0.2,0.4,0.2,0,0,0,0,0.2,0,0.2,2,0.2,0,0,0,0.4,0.2,0,0.2,0.2,0,0
2021,5,15,0.2,0.6,0.4,0.6,0,0.2,0,0,0,0,0,0,0,0,0,0,0,0,0,0,0,0,0,0
2021,5,16,0,0,0,0,0,0,0,0,0,0,0,0,0,0,0,0,0,0,0,0,0,0,0,0
2021,5,17,0,0,0,0,0,0,0,0,0,0,0,0,0,0,0,0,0,0,0,0,0,0,0,0
2021,5,18,0,0,0,0,0,0,0,0,0,0,0,0,0,0,0,0,0,0,0,0,0,0,0,0
2021,5,19,0,0,0,0,0,0,0,0,0,0,0,0,0,0,0,0,0,0,0,0,0,0,0,0
2021,5,20,0,0,0,0,0,0,0,0,0,0,0,0,0,0,0,0,0,0,0,0,0,0,0.6,0
2021,5,21,0,0,0,0,0,0.2,0,0,0,0,0,0,0,0,0,0,0.2,0,0.2,0.2,0,0.2,0,0
2021,5,22,0,0,0,0,0,0,0,0,0,0.2,0,0,0,0,0,0,0,0.4,0.2,0,0,0,0,0
2021,5,23,0,0,0,0,0,0,0,0,0,0,0.4,0,0,0,0,0.2,2,0.2,0,0,0,0,0.4,0
2021,5,24,0,0,0,0,0,0,0,0,0,0,0,0,0,0,0,0,0,0,0,0,0,0,0,0
2021,5,25,0,0,0,0,0,0,0,0,0,0,0.2,0,0,0,0,0,0,0,0,1,0.2,0.4,0,0.2
2021,5,26,0.2,0.6,0,0.6,0,0,0,0,0,0,0,0.2,0,1.4,1,0.4,0.6,0.2,0,0,0,0,0,0.2
2021,5,27,0,0.2,0,0,0,0,0,1.2,0,0,0,0,0,0,0,0,0,0,1.2,0,0,2,0.2,0
2021,5,28,0,0,0,0,0,0,0,0,0,0,0,0,0,0,0,0.2,6.4,0.2,0,0,0,0,0,0
2021,5,29,0,0,0,0,0,0,0,0,0,0.2,0,0.2,0,0,0,0,1.4,0,0,0,0,0,0,0
2021,5,30,0,0,0,0,0,0,0,0,0,0,0,0,0,0,0,0,0,0,0,0,0,0,0,0
2021,5,31,0,0,0,0,0,0.2,0,0,0,0,0,0,0,0,0,0,0,0,0,0,0,0,0,0
2021,6,1,0,0,0,0,0,0,0,0,0,0,0,0,0,0,0,0,0,0,0,0,0,0,0,0
2021,6,2,0,0,0.2,0,0,0,0,0,0,0,0,0,0,0,0,0,0,0,0,0,0,0,0,0
2021,6,3,0,0,0,0,0,0,0.2,0,0,0,0,0,0,0,0,0,0,0.2,0,0,0,0,0,0
2021,6,4,0,0,0,0,0,0,0,0,1,0.2,0,0.2,0,0,0,0,0,0,0,0,0,0,0,0
2021,6,5,0,0,0,0,0,0,0,0,0,0,0,0,0,0,0,0,0,0,0,0,0,0,0,0
2021,6,6,0,0,0,0,0,0,0,0,0,0,0.2,0,0,0,0,0,0,0,0,0,0,0,0,0
2021,6,7,0,0,0,0,0,0,0,0,0,0,0,0,0,0,0,0,0,0,0,9.4,0.2,0,0,0
2021,6,8,0,0,0,0.2,0,0,0,0,0,0,0,0,0,0,0,7.6,1.4,7.6,4.8,1,0,0,0,0
2021,6,9,0,0,0,0,0,0,0,0,0,0,0,0,0,0,0,2,3.8,5,1,0.2,0,0,0,0
2021,6,10,0,0,0,0,0,0,0,0,0,0,0,0.2,0,1.2,0,0,0.8,0.4,0,0,0,0,0,0
2021,6,11,0,0,0,0,0,0,0,0,0,0,0,0,0,0,0.2,0,0,0,0,0,0,0,0,0
2021,6,12,0,0,0,0,0,0,0,0,0,0,0,0,0,0,0,0,0.6,3,2.2000000000000002,0,0,0,0,0
2021,6,13,0,0,0,0,0,0,0,0,0,0,0,0,0,0.2,0,0,0,0.2,0.6,0.2,0,0.8,1.2,0.2
2021,6,14,0.6,0,0,0,0,0,0,0,0,0,0,0,0,0,0,0,0,0,0.2,0.8,0.6,0.4,0,0.6
2021,6,15,0.2,0,0,0,0,0,0,0,0,0,0.2,0,0,0,9.6,7.8,0,0,0,0,0,0.2,0,0
2021,6,16,0,0,0.2,0,0,0,0,0,0,0,0,0,0,0,0,0,0,0,0,0,0,0,0,0
2021,6,17,0,0,0,0,0,0,0,0,0,0,0,0.2,0,0,0,0,0,0,0,0,0,0,0,0
2021,6,18,0,0,0,0,0,0,0,0,0,0,0,0,0,0,0,0,0,0,0,0,0,0,0,0
2021,6,19,0,0,0,0,0,0,0,0,0,0,0,0,0,0,0,0,0,0,0,0,0.2,0,0,0
2021,6,20,0,0,0,0,0,0,0,0,0,0,0,0,0,0,0,0,0,0,0,0.4,0,0,0,0
2021,6,21,0,0,0,0,0,0,0,0,0,0,0,0,0,0,2.6,2,0.4,0,0,0,0,0,0,0
2021,6,22,0,0,0,0,0,0,0,0,0,0.2,0,0,0,0,0.6,0,0,0,0,0,0,0,0,0
2021,6,23,0,0,0,0,0.4,0,0,0,0,0,0,0,0,0,0,0,0,0,0,0,0,0,0,0
2021,6,24,0,0,0,0,0,0,0,0,0,0,0,0,0,0,0,0,0,0,0,0,0,0,0,0
2021,6,25,0,0,0,0,0,0,0,0,0,0,0,0,0,0,0,0,0,0,0,0,0,0,0,0
2021,6,26,0,0,0,0.2,0,0,0,0,0,0,0,0,0,0,0.6,0,0.6,0.4,0.6,0.2,0.2,0,0,0
2021,6,27,0,0,0,0,0,0.2,0,0,0,0,0,0.2,1,0,0,0,0,0,0,0.2,0,0,0,0
2021,6,28,0,0,0,0,0,0,0,0,0,0,0.2,0,0,0,0,0,0,0,0,0,0,0,0,0
2021,6,29,0,0,0,0,0,0,0,0,0,0,0,0,0,0,0,0,0,0,0,0,0,0,0,0
2021,6,30,0,0,0,0,0,0,0,0,0,1.4,2.8,3.4,0,0,0,0,0,0,0,0,0,0,0,0
2021,7,1,0,0,0,0,0,0,0,0,0,0,0,0,0.2,0,0,0,0,0,0,0,0,0,0,0
2021,7,2,0,0,0,0,0,0,0,0,0,0.2,0,0,0,0,0,0,0,0,0,0,0,0,0,0
2021,7,3,0,0,0,0,0,0,0,0,0,0,0,0,0,0,0,0,0,0,0,0,0,0,0,0
2021,7,4,0,0.2,0,0,0,0,0,0,0,0,0,0,0,0,0,0,11.2,10.6,5.4,1.2,0,0,0,0
2021,7,5,0,0,0.2,0,0,0,0,0,0,0,0,0,0,0,0,0,0,0,3.4,1,0.6,0,0,0
2021,7,6,0,0,0,0,0,0,0,0,0,0,0,0,0,0,0,0,0,0,0,0,0,0,0,0
2021,7,7,0,0.4,0,0,0,0,0,0,0,0,0.2,0,0,0,0,0,0,0,0,0,0,0,0,0
2021,7,8,0,0,0.2,0,0,0,0,0,0,0,0,0,0,0,0,0,0,0,0,0,0,0,0,0
2021,7,9,0,0,0,0,0,0,0,0,0,0,0,0,0,0,0,0,0,0,0,0,0,0,0,0
2021,7,10,0,0,0,0,0,0,0,0,0.2,0,0,0,0,0,0.6,7.4,3,0.8,0.6,0,0.2,0,0,0
2021,7,11,0,0,0,0,0,0.2,0,0,0,0,0,0,0,0,0,0,0,0,0,0,0,0,0,0
2021,7,12,0,0,0,0,0,0,0,0,0,0,0,0,0,0,0,0,0,0,0,0,0,0,0,0
2021,7,13,0,0.2,0,0.2,0,0,0,0,0.2,0,0.8,0.4,0,0,0,0,0,0,0,0,0,0,0,0
2021,7,14,0,0,0,0,0,0,0,0,0,0,0,0,0,2.4,0,0,0,0,0,0,0,0,0,0
2021,7,15,0,0,0,0,0,0,0,0.2,0,0,0,0,0,0,0,0,0,0,0,0,0,0,0,0
2021,7,16,0,0,0,0,0,0,0,0,0,0,0,0,0,0,0,0,0,0,0,0,0,0,0,0
2021,7,17,0,0,0,0,0,0.2,0.2,0,0,0,0,0,0,0,0,0,0,0,0,0,0,0,0,0
2021,7,18,0,0,0,0,0,0.2,0.2,0.8,0,0,0,0,0,0,0,0,0,0,0,0,0,0,0,0
2021,7,19,0,0,0,0.2,0,0,0,0.2,0,0,0,0,0,0,0,0,0,0,0,0,0,0,0,0
2021,7,20,0,0,0,0,0,0,0,0,0,0,0,0,0,0,0,0,0,0,0,0,0,0,0,0
2021,7,21,0.2,0,0,0,0,0,0,0,0.2,0.4,0,0,0,0,0,0,0,0,0,0,0,0,0,0
2021,7,22,0,0,0,0,0,3.6,4,2.2000000000000002,0,0,1.2,0,0.8,6.8,11.4,23,4.4000000000000004,13,10.6,4.5999999999999996,7.8,2.4,4.4000000000000004,2.8
2021,7,23,2.8,2.6,1.2,2.4,10.199999999999999,6.8,14.6,8.8000000000000007,4.4000000000000004,4.8,7.2,8,3,1.8,0.4,0,0,0,0,0.6,0.4,3,0.4,0
2021,7,24,1.4,0.2,2,2.2000000000000002,1.4,0.4,0,0,0,0.8,3,4.2,0.8,0,0,0,0,0,0,0,0,0,0,0
2021,7,25,0,0,0,0,0,0,0,0,0,1.6,0.4,0,0,0,0,0,0,0,0,0,0,0,0,0
2021,7,26,0,0,0,0,0,0,0,0,0,0,0,0,0,0,0,0,0,0,0,0.2,0,0.2,0,0
2021,7,27,0,0,0,0,0,0,0,0,0,0,0,0.2,0,5,7.8,0,0,0,0,0,0,0,0,0
2021,7,28,0,0,0,0,0,0,0,0,0,0,0,0.2,0,0,0,0,0,0,0,0,0,0,0,0
2021,7,29,0,0,0,0,0,0.8,4.5999999999999996,2.6,0.2,0,0,0,0,0,0,0,0,0,1.4,0.2,0.2,0,0,0
2021,7,30,0,0,0,0,0,0,0,0,0,0,0,0,0,0,0,0,0,0,0,0,0,0,0,0
2021,7,31,0,0,0,0,0,0,0,0,0,0,0,0,0,0,0,0,0,0,0,0,0.4,0.2,0,0.2
2021,8,1,1.8,0,0.2,0,3.2,0.8,0.2,0.2,2.6,2.2000000000000002,0.6,0,0,0,0,0,0,0,0,0,0,0,0,0
2021,8,2,0,0.2,0,0,0,0,0,0,0,0,0,0,0,0,0,0,0,0.8,0,0,0,0,0,0
2021,8,3,0,0,0,0,0,0,0,0,0,0.2,0,0,0.2,0,0.4,0.4,0,0,0,0,0,0,0,0.2
2021,8,4,0,0,0,0,0,0.2,0,0,0,0,0,0,0,0,0,0,0,0,0,0,0,0,0,0
2021,8,5,0,0,0,0,0,0,0,0,0,0,0,0,0,0,0,1,0,0,0,0,0,0,0,0
2021,8,6,0,0,0,0,0,0,0,0,0,0,0,0,2,0,0,0,0,0,0,0,0,0,0,0
2021,8,7,0,0,0,0,0,0,0,0,0,0,0,0,0,0,0,0.4,0.6,0.2,0.2,0,0,0,0,0
2021,8,8,0,0,0,0,0,0,0.2,0,0,0,0,0,0,0,0,0,0,0,0,0,0,0,0,0
2021,8,9,0,0,0,0,0,0,0,0,0,0,0,0,0,0,0,0,0,0,0,0,0,0,0,0
2021,8,10,0,0,0,0,0,0,0,0,0,0,1,0.2,0.6,0,0,0,0,0,0,0,0,0,0,0
2021,8,11,0,0,0,0,0,0.2,0,0,0,0,0,0,0,0,0,2.8,0.6,3,2,2.2000000000000002,0,0,0,0
2021,8,12,0,0,0,0,0.2,0,0,0,0,0,0,0,0,0,0.8,12.2,0.4,0.2,1.4,0.2,0,0,0,0
2021,8,13,0,0.2,0.6,0.2,0,0,0,0,0,0,0,0,0,0,0,3.4,0,0,0,0,0,0,0,0
2021,8,14,0,0,0,0,0,0.2,0,0,0,0,0,0,0,0,0,0,0,0,1.2,2.8,2.2000000000000002,0.2,0.2,0
2021,8,15,0,0,0,0,0,0,0,0,0,0,0,0,0,0,0,0.2,0,6.8,0.4,0.2,0,0,0,0
2021,8,16,0,0,0,0,0,0,0,0,0,0,0,0,0,0,0,0,0,0,0,0,0,0,0,0
2021,8,17,0,0,0,0,0,0,0,0,0,0,0,0,0,0,0,0,0,0,0.8,0.6,0,0,0,0
2021,8,18,0,0,0,0,0,0,0,0,0,0,0.2,0,0,0,0,11.8,10,4.2,1.4,0.2,0,0,0,0
2021,8,19,0,0,0,0,0.2,0,0,0,0,0,0,0,0,0,0,0,0.2,0.4,1,0.4,0,0,0,0
2021,8,20,0,0.2,0,0,0,0,0,0,0,0,0,0,0,0,0,0.2,0.4,0.4,0.2,0.2,0,0,0,0
2021,8,21,0,0,0,0.4,0,0,0,0,0,0,0,0,0,0,0,4,12.6,11,26.8,10.6,4.2,0.8,0,0
2021,8,22,0,0,0,0,0,0,0.2,0,0,0,0,0,0,11.4,39.4,10.199999999999999,11.4,4.2,0.6,0,0,0,0,0
2021,8,23,0,0.2,0,0,0,0,0,0,0,0,0,0,0,0,0,0,0,1.8,14.8,0.4,1,0,0,0
2021,8,24,0,0,0,0.2,0,0,0,0,0.2,0,0,0,0,0,0,0,0,0,0,0,0,0,0.6,0.8
2021,8,25,0.2,0,0,0,0,0,0,0,0,0.4,0,0,0,0.6,0.6,0,0,0,0,0,1,0,0.2,0
2021,8,26,0,0,0,0.6,0.4,0.8,0,0,0,0,0.2,0,0,0,0,0,0,0,0.4,0,1.6,0.6,3.4,1
2021,8,27,0.2,0,0.2,0,0,0,0,0,0,0.2,0,0,0,0,0,0,0,0,0,0,0,0,0,0
2021,8,28,0,0,0,0,0,0,0,0,0,0,0,0,0,0,0,0,0,0,0,0,0,0,0,0
2021,8,29,0,0,0,0,0,0,0,1.2,3.6,0,0,0,0.2,0,0,0,0,0,0,0,0,0,0,0
2021,8,30,0,0,0,0,0,0,0,0,0,0,0,0,0,0,0,0,0,0,0,0,0,0,0,0
2021,8,31,0,0,0,0,0,0,0,0,0,0,0,0,0,0,8.8000000000000007,1.2,0.2,7.4,0.2,0.4,0,0.2,0,0
2021,9,1,0.2,0,0,0,0,0,0,0,0,0,0,0.2,0,0,0,0,0,0.2,0,0,0,0,0,0
2021,9,2,0,0,0,0,0,0,0,0,0,0,0,0,0,13,0.4,0,0,0,0,0,0,0,0,0
2021,9,3,0,0,0,0,0,0,0,0,0,0,0,0,0,0,0,0,0,0,0,0,0,0,0,0
2021,9,4,0,0,0,0,0,0,0,3,1,0,0,0,0,0,0,0,0,0,0,0,0,0,0,0
2021,9,5,0,0,0,0,0,0,0,0,0,0,0,0.2,0,0,0,0,0,0,0,0,0,0,0,0
2021,9,6,0,0,0,0,0,0,0,0,0,0,0,0,0,0,0,0.2,0,4,0.8,0.2,0.2,0,0,0
2021,9,7,0,0,0,0,0,0,0,0,0,0,0,0,0,0,0,0,0.8,2,0.8,0,0,0,0,0
2021,9,8,0,0,0,0,0,0,0,0,0,0,0,0,0,0.4,1.6,0.2,0,0,0,0,2.6,4.5999999999999996,0.2,0
2021,9,9,0,0,0,0.2,0,0,0,0,0,0,0,0,0,0,0.8,1.8,4,5.4,0.4,0,0,0,0,0
2021,9,10,0,0,0,0,0,0,0,0.2,0,0,0,0,0,0,0,0,0,0,0,0,0,0,0,0
2021,9,11,0,0,0,0,0,0,0.2,0.4,0.4,0.2,0.2,0,0,0,0.2,0,0,0,0,0,0,0,0,0
2021,9,12,0,0,0,0.2,0,0,0,0,0,0,0,0,0,0.2,0,0,0,0.2,0,0,0,0,0,0
2021,9,13,0,0.2,0,0.2,0,0.2,0,0,0,0,0,0,0,0,0,6.6,12.6,4,1.6,0,0.2,0,0,0
2021,9,14,0.2,0,0,0,0,0,0,0,0,0,0,0,0.2,0,0,0,0,0,0.2,0,0,0,0,0
2021,9,15,0,0,0,0,0,0,0,0,0,0,0,0,0,0,0,0.2,0,0,1,0.2,0,0,0,0
2021,9,16,0,0,0,0.2,0,0,0,0,0,0,0.2,0,0,0,0,0,0,0,0,0,0,0,0,0
2021,9,17,0,0,0,0,0,0,0,0,0,0,0,0,0,0,0,0,0,0,0,0,0,0,0,0
2021,9,18,0,0,0,0,0,0,0,0,0,0,0,0,0,0,0,0,0,0,0,0,0,0,0,0
2021,9,19,0,0,0,0,0,0,0,0,0,0,0,0,0,0,0,0,0,0,0,0,0,0,0,0
2021,9,20,0,0,0,0,0,0,0,0,0,0,0,0,0,0,0,0,0,0,0,0,0,0,0,0
2021,9,21,0,0,0,0,0,0,0,0,0,0,0,0,0,0,0,0,0,0,0,0,0,0,0,0
2021,9,22,0,0,0,0,0,0,0,0,0,0,0,0,0,0,0,0,0,0,0,0,0,0,0,0
2021,9,23,0,0,0,0,0,0,0,0,0,0,0,0,0,0,0,0,0,0,1.4,11.2,0.8,0,0,0
2021,9,24,0,0,0,0,0.2,0,0,0,0,0,0,0,0,0.6,0.8,2.2000000000000002,3,1.2,0,0,0.4,0.4,0,0
2021,9,25,0,0,0,0,0,0.2,0,0,0,0,0.2,0,0,0.4,0,0,0,0.2,0,0,0,0,0,0
2021,9,26,0,0,0,0,0,0,0,0,0,0,0,0,0.2,2.8,1.6,0,0,0,0,0,0,0,0,0
2021,9,27,0,0,0,0,0,0,0,0,0,0,0,0.2,0,0,0,4.2,2.6,2.4,0,0,0,0,0,0
2021,9,28,0,0,0,0.2,0,0,0,0,0,0,0,0,0,0,0,0,0,0.4,0.2,0,0,0,0,0
2021,9,29,0,0.4,0,0,0,0,0,0,0,0,0,0,0,0,0,0,0,0,0,0,0,0,0,0
2021,9,30,0,0,0,0,0,0,0,0,0,0,0,0,0,0,0,0,0,0,0,0,0,0,0,0
2021,10,1,0,0,0,0,0,0,0,0,0,0,0,0,0,0,0,0,0,0,0,0,0,0,0,0
2021,10,2,0,0,0,0,0,0,0,0,0,0,0,0,0,0,0,0,0,0,0,0,0,0,0,0
2021,10,3,0,0,0,0,0,0,0,0,0,0,0,0,0,0,0,0,0,0,0,0,0,0,0,0
2021,10,4,0,0,0,0,0,0,0,0,0,0,0,0,0,0,0,0,0,0,0,0,0,0,0,0
2021,10,5,0,0,0,0,0,0,0,0,0,0,0,0,0,0,0,0.2,0,0.4,0.2,0,0.2,0,0,0
2021,10,6,0.6,0,0,0,0,0,0,0,0,0,0,0,0,0,0.2,0,0,0,0,0,0,0,0,0
2021,10,7,0.8,0.4,1,0.4,0,0,0,0,0,0,0,0,0,0,0,0,7.6,3.8,0,0,0,0,0,0
2021,10,8,0,0,0,0,0,0,0,0,0,0,0,0,0,0,0,0,0,0,0,0,0,0,0,0
2021,10,9,0,0,0,0,0,0,0,0,0,0,0,0,0,0,0.4,0,0,0,0,0,0,0,0,0
2021,10,10,0,0,0,0,0,0,0,0,0,0,0,0,0,0,0,0,0,0,0,0,0,0,0,0
2021,10,11,0,0,0,0,0,0,0,0,0,0,0,0,0,0,0,0,0,0,1.2,0.2,0,0,0,0
2021,10,12,0,0,0,0,0.2,0,0,0,0.2,0,0,0,0,0,0,0,0,0,0,0,0,0,0,0
2021,10,13,0,0,0,0,0,0,0,0,0,0,0,0,0,0,0,2,6,5.8,0.4,0.2,0,0,0,0
2021,10,14,0,0,0,0.2,2,0.2,0,0,0,0,0.2,0,0,0,0,0,0,0,0,0,0,0,0,0
2021,10,15,0,0,0,0,0,0,0,0,0,0,0,0,0,0,0,0,0,0,0,0,0,0,0,0
2021,10,16,0,0,0,0,0,0,0,0,0,0,0,0,0,0.2,0,0,0,0.2,0,0,0,0,0,0
2021,10,17,0,0,0,0,0,0,0,0,0,0.2,0,0,0,0,0.8,10,7.6,8.4,8.1999999999999993,13.2,3.4,0.2,0.6,0
2021,10,18,0,0,0,0,0,0,0.2,0,0,0,0,0,0,0,0,1.6,19.399999999999999,16.600000000000001,14,6.6,4.5999999999999996,0,0,0
2021,10,19,0,0,0,0.2,0,0.2,0,0,0,0,0,0,0,0,0.2,0.4,5.8,8.6,3,0,0,0,0,0
2021,10,20,0,0.2,0,0,0,0,0,0,0,0,0,0,0,0,0,0,0,0,0,0,0,0,0,0
2021,10,21,0,0,0,0.2,0,0,0,0,0,0,0,0,0,0,0,0,0,0,0,0,0,0,0,0
2021,10,22,0,0,0,0,0,0,0,0,0,0,0,0,0,0,0,0,0,0,0,0,0,0,0,0
2021,10,23,0,0,0,0,0,0,0,0,0,0,0,0,0,0,0,0,0,0,0,0,0,0,0,0
2021,10,24,0,0,0,0,0,0,0,0,0,0,0,0,0,0,0,0,0,0,0,0,0,0,0,0
2021,10,25,0,0,0,0,0,0.2,0,0,0,0,0,0,0,0,0,0,0,0,0,0,0,0,0,0
2021,10,26,0,0,0,0,0.2,0,0,0,0,0,0,0,0,0,0,0,0,0,0,0,0,0,0,0
2021,10,27,0,0,0,0,0,0,0,0,0,0,0,0,0,0,0,0,0,0,0,0,0,0,0,0
2021,10,28,0,0,0,0,0,0,0,0,0,0,0,0,0,0,0,0,0,0,0,0,0,0,0,0
2021,10,29,0,0.4,0,0,0,0,0,0,0,0,0,0.2,0,0,0,0,0,0,0,0,0,0,0,0
2021,10,30,0,0,0,0,0,0,0,0,0,0,0,0,0,0,0,0,0,0,3.4,4,0.4,0,0.4,0.6
2021,10,31,0.2,0.6,0.2,0.4,0,0,0,0,0,0,0,0,0,0,0,0,0.6,0.4,0,0,0,0.4,0.2,0.2
2021,11,1,0.2,0.2,0,0,0,0,0,0,0,0,0,0,0,0.4,1.4,1.6,2.4,2.6,1,0,0,0,0,0
2021,11,2,0,0.6,2.4,3,1,0,0.2,0,0,0.2,1.6,0,0,2.2000000000000002,1.4,0,2,0.2,0.4,0,0,0,0,0
2021,11,3,0,0,0,0,0,0,0,0,0,0,0,0,0,0,0,0,2.8,4.8,5.2,2,0.2,0,0,0
2021,11,4,0,0,0,0,0,0,0,0,0,0,0,0.2,0,0,0,0,6.4,19.600000000000001,0,0,6.6,0,0.6,0
2021,11,5,0,0,0,0,0,0.2,0,0,0,0,0.2,0,0,0,0,0,0,0,0,0,0,0,0,0.2
2021,11,6,0,0,0,0,0,0,0,0,0,0,0,0,0,0,0,0,0,0,0,0,0,0,0,0
2021,11,7,0,0,0,0,0,0,0,0,0,0,0.2,0,0,0,0,0,0,0,0,0,0,0,0,0
2021,11,8,0,0,0,0,0,0,0,0,0,0,0,0,0,0,0,0,0,0,0.2,0.2,0.4,0,0.2,0
2021,11,9,0,0,0,0,0,0,0,0,0,0,0,0,0,0,0,0.2,0.2,0.2,0,0,0,0,0,0
2021,11,10,0,0,0,0,0,0,0,0,0,0.2,0,0,0,0,0,0,0,0,0,0,0,0,0,0
2021,11,11,0,0,0,0,0,0,0,0,0,0,0,0,0,0,0,0,0,0,0,0,0,0,0,0
2021,11,12,0,0,0,0,0,0,0,0,0,0,0,0,0,0,0,0,0,0,0,0,0,0,0,0
2021,11,13,0,0,0,0,0,0,0,0,0,0,0,0.2,0,0,0,0,0,0,0,0,0,0,0,0
2021,11,14,0,0,0,0,0,0,0,0.2,0,0,0,0,0,0,0,0,0,0,0,0,0,0,0,0
2021,11,15,0,0,0,0,0,0,0.2,0,0,0,0,0,0,0,0,0,0,0,0,0,0,0,0,0
2021,11,16,0,0,0,0,0,0,0,0,0,0,0,0,0,0,0,0,0,0,0,0,0,0,0,0
2021,11,17,0,0,0,0,0,0,0,0,0,0,0,0,0,0,0,0,0,0,0.2,0.2,0,0,0,0
2021,11,18,0,0,0,0,0,0,0,0,0,0,0,0,0,0,0,0,0,0,0,0,0,0,0,0
2021,11,19,0,0,0,0,0,0.2,0,0,0,0,0,0,0,0,0,0,0,0,0,0,0,0,0,0
2021,11,20,0,0,0,0,0,0,0,0,0,0,0,0,0,0,0,0,0,0,0,0,0,0,0,0
2021,11,21,0,0.2,0,0,0,0,0,0,0,0,0,0,0,0,0,0,0,0,0,0,0,0,0,0
2021,11,22,0,0,0,0,0,0,0,0,0,0,0,0,0,0,0,0,0,0,0.2,0,0,0,0,0
2021,11,23,0,0,0,0,0,0,0,0,0,0,0,0,0,0,0,0,0,0,0,0,0,0,0,0
2021,11,24,0,0,0,0,0,0,0,0,0,0,0,0,0,0,0,0,0,0,0,0,0,0,0.2,0.2
2021,11,25,0.2,0,0,0,0,0,0,0,0,0,0,0,0,0,0,0,0,0,0,0.2,0,0,0,0
2021,11,26,0,0,0,0.2,0,0,0,0,0,0,0,0,0,0,0,0,0,0,0,0,0,0,0,0
2021,11,27,0,0,0,0,0,0,0,0,0,0,0,0,0,0,0,0,0,0.2,0,0,0.4,0.2,0.4,0.2
2021,11,28,0.2,0.4,0,0,0,0,0,0,0.2,0.2,0,0,0,0,0,0.2,0,0,0,0,0,0,0,0
2021,11,29,0,0,0.2,0,0,0,0,0,0,0,0,0,0.2,5.4,1,0.4,3.2,2.4,0.8,0,0,0,0.8,0.6
2021,11,30,0,0.6,0.4,2.4,1,0,1.6,3,7.8,5.4,4.5999999999999996,0.2,0.4,1,0.4,0,0,0,0.4,0.2,0,1.2,1.8,0.8
2021,12,1,0,0,0,0,0,0,0,0,0.4,1.4,0,0,0.6,0,0.2,0,0,0,0,0,0,0,0,0
2021,12,2,0,0,0,0,0,0,0,0,0,0,0,0,0,0.2,0,0,0,0,0,0,0,0,0,0
2021,12,3,0,0,0,0,0,0,0,0,0,0,0,0,0,0,0,0,0,0,0,1.4,1,0.4,0.6,0
2021,12,4,0.2,0,0,0,0,0,0,0,0,0,0,0,0,0,0,0,0,0,0,0,0,0,0.2,0.2
2021,12,5,0,0.2,0,1.4,1.6,0.8,0.4,0,0.2,0.2,0.2,0,0,0,0,0,0,0,0,0,0.2,0,0,0
2021,12,6,0,0,0.2,0,0.2,0,0,0,0.2,0,0,0,0,0,0,0,0,0,0,0,0,0,0,0
2021,12,7,0,0,0,0,0,0,0,0,0,0,0,0,0,0,0,0,0,0,0,0,0.4,0.2,0,0
2021,12,8,0,0,0,0,0,0,0,0,0,0,0.2,0,0,0,0,0,0,0,0,0,0,0,0,0
2021,12,9,0,0,0,0,0,0,0,0,0,0,0,0,0,0,0,0,0,0,0,0,0,0,0,0
2021,12,10,0,0,0,0,0,0,0,0,0,0,0,0,0,0,0,0,0,0,0,0,0,0,0,0
2021,12,11,0,0,0,0,0,0,0,0,0.2,0,0,0,0,0,0,0,0,0,0,0,0,0,0,0
2021,12,12,0,0,0.2,0,0,0,0,0,0,0,0,0,0,0,0,0,0,0,0,0,0,0,0,0
2021,12,13,0,0,0,0.2,0,0.2,1,0.6,0.8,1.6,3.2,0.2,0.2,0.6,1.4,0.8,1.2,3.2,3.4,2.4,2.2000000000000002,1.2,1.8,0.8
2021,12,14,3.4,0.6,0.8,0.2,0.4,0,0.2,0.8,0.2,0,0,0,0,0,0,0,0,0,0,0,0,0,0,0
2021,12,15,0,0,0.2,0,0,0,0,0,0,0,0,0,0,0,0,0,0,0,0,0,0,0,0,0
2021,12,16,0,0,0,0,0.2,0,0,0,0,0,0,0,0,0,0,0,0,0,0,0,0,0,0.2,0
2021,12,17,0,0,0,0,0,0,0,0.2,0,0,0,0,0,0,0,0,0,0,0,0,0,0,0,0
2021,12,18,0,0,0,0,0,0,0,0,0,0,0,0,0,0,0,0,0,0,0,0,0,0.2,0,0
2021,12,19,0,0,0,0,0,0,0.2,0,0,0,0,0,0,0,0,0,0,0,0,0,0,0,0,0
2021,12,20,0,0,0,0,0,0,0,0,0,0,0.2,0,0,0,0,0,0,0,0,0,0,0,0,0.2
2021,12,21,0,0,0,0,0,0,0,0,0,0,0,0,0,0,0,0,0,0,0,0,0,0,0,0
2021,12,22,0,0,0,0,0,0,0,0,0,0,0,0,0,0,0,0,0,0,0,0,0,0,0,0
2021,12,23,0,0,0,0,0.2,0,0,0,0,0,0,0,0,0,0,0,0.2,0,0.2,0.2,0,0.2,0,0
2021,12,24,0,0,0.4,0.2,0,0,0,0,0.2,0,0,0,0,0,0,0,0,0,0,0,0,0,0,0
2021,12,25,0,0,0,0,0,0,0,0,0,0.2,0,0,0,0,0,0,0,0,0.2,0,0,0,0,0.2
2021,12,26,0,0,0,0,0,0,0,0,0,0,0,0,0,0,0,0,0,0,0,0,0,0,0,0
2021,12,27,0.2,0,0,0,0,0,0,0,0,0,0,0,0,0,0,0,0,0,0,0,0,0,0,0
2021,12,28,0.2,0,0,0,0,0,0,0.2,0,0,0,0,0,0,0,0,0,0,0,0,0,0,0,0
2021,12,29,0,0,0,0,0,0,0,0,0,0,0,0,0,0,0,0,0,0,0,0,0,0,0,0
2021,12,30,0,0,0,0,0.2,0,0,0,0,0,0,0,0,0,0,0,0,0,0,0,0,0,0,0
2021,12,31,0,0,0,0,0,0,0,0,0,0,0,0,0,0,0,0,0,0,0,0,0,0,0,0
2022,1,1,0,0,0,0,0,0.2,0,0,0,0,0,0,0,0,0,0,0,0,0,0,0,0,0,0
2022,1,2,0,0,0,0,0,0,0,0,0,0,0,0,0,0,0,0,0,0,0,0,0,0,0,0
2022,1,3,0,0,0,0,0,0,0,0,0,0,0,0,0,0,0,0,0,0,0,0,0,0,1.6,1
2022,1,4,0.4,0.4,0.4,0.4,1.2,0.4,0,0,0.2,0,0,0,0,0,0,0,0,0,0,0,0,0,0,0
2022,1,5,0,0,0.2,0,0,0,0,0,0,0,0,0,0,0,0,0,0,0,0,0,0,0,0,0
2022,1,6,0,0,0,0,0,0,0,0,0.2,0,0,0,0,0,0,0,0,0,0,0,0,0,0,0
2022,1,7,0,0,0,0,0,0,0,0,0,0,0,0,0,0,0,0,0,0,0,0,0,0,0,0
2022,1,8,0,0,0,0,0,0,0,0,0,0,0,0,0,0,0,0,0,0,0,0,0,0,0,0
2022,1,9,0,0,0,0,0,0,0,0,0,0,0,0,0,0,0,0,0,0,0,0,0,0,0,0
2022,1,10,0,0,0,0,0.2,0,0,0,0,0,0,0,0,0,0,0,0,0,0,0,0,0,0,0
2022,1,11,0,0,0.2,0.2,0,0,0,0.4,0.6,0,0.2,0,0.2,0,0.2,0,0,0,0,0,0,0,0,0
2022,1,12,0.2,0,0,0,0,0,0,0.2,0,0,0,0,0,0,0,0,0,0,0,0,0,0,0,0
2022,1,13,0.2,0,0,0,0,0,0.2,0,0,0,0,0,0,0,0,0,0,0,0,0,0,0,0,0
2022,1,14,0,0,0,0,0,0.2,0,0,0,0,0,0,0,0,0,0,0,0,0,0,0,0,0,0
2022,1,15,0,0,0,0,0,0,0,0,0,0,0,0,0,0,0,0,0,0,0,0,0,0,0,0
2022,1,16,0,0,0,0,0,0,0,0,0,0,0,0,0,0,0,0,0,0,0,0,0,0,0,0
2022,1,17,0,0,0,0,0,0,0,0,0,0,0,0,0,0,0,0,0,0,0,0,0,0,0,0
2022,1,18,0,0,0,0,0,0,0,0,0,0,0.2,0,0,0,0,0,0,0,0,0,0,0,0,0
2022,1,19,0,0,0,0,0,0,0.2,0,0,0,0,0,0,0,0,0,0,0,0,0,0,0,0,0
2022,1,20,0.2,0,0,0,0,0,0,0,0,0,0,0,0,0,0,0,0,0,0,0,0,0,0,0
2022,1,21,0,0,0,0.2,0,0,0,0,0,0,0,0,0,0,0,0,0,0,0,0,0,0,0,0
2022,1,22,0,0,0,0.2,0,0,0,0,0,0,0,0,0,0,0,0,0,0,0,0,0,0,0,0
2022,1,23,0,0,0,0,0,0,0.2,0,0,0,0,0,0,0,0,0,0,0,0,0,0,0,0,0
2022,1,24,0,0,0,0,0,0,0,0,0,0,0,0,0,0,0,0,0,0,0,0,0,0,0,0
2022,1,25,0,0,0,0,0,0,0,0,0,0,0,0,0,0,0,0,0,0,0,0,0,0,0,0
2022,1,26,0,0,0,0,0,0,0,0,0,0,0,0,0,0,0,0,0,0,0,0,0,0,0,0
2022,1,27,0,0,0.2,0,0,0,0,0,0,0,0,0,0,0,0,0,0,0,0,0,0,0,0,0
2022,1,28,0,0,0,0,0,0.2,0,0,0,0,0,0,0,0,0,0,0,0,0.2,0,0.2,0,0.2,0
2022,1,29,0,0,0,0,0,0,0,0,0,0.2,0,0,0,0,0,0,0,0,0,0,0,0,0,0
2022,1,30,0,0,0,0,0,0,0,0,0,0,0,0,0,0,0,0,0,0,0,0,0,0,0,0
2022,1,31,0,0,0,0,0,0,0,0,0,0,0,0,0,0,0,0,0,0,0,0,0,0,0,0
2022,2,1,0.2,0,0,0,0,0,0,0,0,0,0,0,0,0,0,0,0,0,0,0,0,0,0,0
2022,2,2,0,0,0,0,0,0,0,0,0,0,0,0,0,0,0,0,0,0,0,0,0,0,0,0
2022,2,3,0,0,0,0,0,0,0,0,0,0,0,0,0,0,0,0,0,0,0,0,0,0,0,0
2022,2,4,0,0,0,0,0,0,0,0,0,0,0,0,0,0,0,0,0,0,0,0,0.2,0.2,0,0
2022,2,5,0.2,0.2,0.2,0,0,0,0,0,0,0,0,0,0,0,0,0,0,0,0,0,0,0,0,0
2022,2,6,0,0,0,0,0,0,0,0,0,0,0,0,0,0,0,0,0,0,0,0,0,0,0,0
2022,2,7,0,0,0,0,0.2,0,0,0,0,0.2,0,0,0,0,0,0,0,0,0,0,0,0,0,0
2022,2,8,0,0,0,0,0,0,0,0,0,0,0,0,0,0,0,0,0,0,0,0,0,0,0,0
2022,2,9,0,0,0,0,0,0,0,0,0,0,0,0,0,0,0,0,0,0,0,0,0,0,0,0
2022,2,10,0,0,0,0,0,0,0,0,0,0,0,0,0,0,0,0,0,0,0,0,0,0,0,0.4
2022,2,11,0.2,0,0,0,0.4,0.2,0,0,0,0.2,0,0,0,0,0,0,0,0,0,0,0,0,0,0
2022,2,12,0,0,0,0,0,0,0,0,0,0,0,0,0,0,0,0,0,0,0,0,0,0,0,0
2022,2,13,0,0,0,0,0,0,0,0.2,0,0,0,0,0,0,0,0,0,0,0,0,0,0.4,0,0
2022,2,14,0.6,0,0.4,0,0,0,0,0,0,0,0,0,0,0,0,0,0.4,0,0.2,0.6,1,0.8,0.8,0.6
2022,2,15,1.2,1,1,0.4,1.2,0.4,0.2,0,0.2,0,0,0,0,0,0,0,0,0,1,1,0.6,0,0,0
2022,2,16,0.2,0,0,0,0,0,0,0,0.4,0,0,0,0,0,0,0,0,0,0,0,0,0,0,0
2022,2,17,0,0,0,0,0,0,0,0,0,0,0,0,0,0,0,0,0,0,0,0,0,0,0,0
2022,2,18,0,0,0,0,0,0,0,0,0,0,0,0,0,0,0,0,0,0,0,1.6,1.2,0.2,1.4,1.8
2022,2,19,0.2,0.6,0,0,0,0,0,0.2,0,0,0,0,0,0,0,0,0,0,0,0,0,0,0,0
2022,2,20,0,0,0,0,0,0,0,0,0,0,0,0,0,0,0,0,0,0,0,0,0,0,0,0
2022,2,21,0,0,0,0,0,0,0,0,0,0.2,0,0,0,0,0,0,0,0,0,0,0.6,0,0.4,0
2022,2,22,0,0,0,0,0,0,0.2,0,0,0,0,0,0,0,0,0,0,0,0,0,0,0,0,0
2022,2,23,0,0,0,0,0,0,0,0,0,0,0,0.2,0,0,0,0,0,0,0,0,0,0,0,0
2022,2,24,0,0,0,0,0,0,0,0,0,0,0,0,0,0,0,0,0,0,0,0,0,0,0,0
2022,2,25,0,0,0,0,0,0,0,0,0,0,0,0,0,0,0,0,0,0,0,0,0,0,0,0
2022,2,26,0,0,0,0,0,0,0,0,0,0,0,0,0,0,0,0,0,0,0,0,0,0,0,0
2022,2,27,0,0,0,0,0,0,0,0,0,0,0,0,0,0,0,0,0,0,0,0,0,0,0,0
2022,2,28,0,0,0,0,0,0,0.2,0,0,0,0,0,0,0,0,0,0,0,0,0,0,0,0,0
2022,3,1,0,0,0,0,0,0,0,0,0,0,0,0,0,0,0,0,0,0,0,0,0,0,0,0
2022,3,2,0,0,0,0,0,0,0,0,0,0,0,0,0,0,0,0,0,0,0,0,0,0,0.2,0
2022,3,3,0,0.2,0,0,0,0.4,0,0.2,0.2,0,0,0,0,0,0,0,0,2,0.2,0,0.6,0.2,1,2
2022,3,4,1.4,1.2,1.6,0.6,0,0.6,0,0.4,0,0,0.2,0,0,0,0,0,0,0,0,0,0.4,0.2,0,0
2022,3,5,0,0.2,0,0,0,0,0,0,0,0,0,0,0,0.2,0,0,0,0,0,0,0,0,0,0
2022,3,6,0,0,0,0,0,0,0,0,0,0,0,0,0,0,0,0,0,0,0,0,0,0,0,0
2022,3,7,0,0,0,0,0,0,0,0,0,0,0,0,0,0,0,0,0,0,0,0,0,0,0,0
2022,3,8,0,0,0,0,0.2,0,0,0,0,0,0,0,0,0,0,0,0,0,0,0,0,0,0,0
2022,3,9,0,0,0,0,0,0,0,0,0,0,0,0,0,0,0,0,0,0,0,0,0,0,0,0
2022,3,10,0,0,0,0,0,0,0,0,0,0,0,0,0,0,0,0,0,0,0,0,0,0,0,0
2022,3,11,0,0,0,0,0,0,0,0,0,0,0,0,0,0,0,0,0,0,0,0,0,0,0,0
2022,3,12,0,0,0,0,0,0,0,0,0,0,0,0,0,0,0,0,0,0,0,0,0,0,0,0
2022,3,13,0,0,0.4,0.4,0.6,0,0,0,0,0,0,0,0,0,0,0,0,0,0,0.4,0.4,0.2,0,0
2022,3,14,0.2,0,0,0,0,0,0,0,0,0,0,0,0,0,0,0,0,0,0,0,0,0,0,0
2022,3,15,0,0,0,0,0,0,0,0,0,0,0,0,0,0,0,0,0,0,0,0,0,0,0,0
2022,3,16,0,0,0,0,0,0,0,0,0.2,0,0,0,0,0,0,0,0,0,0,0,0,0,0,0
2022,3,17,0,0,0,0,0,0,0,0,0,0,0,0,0,0,0,0,0,0,0,0,0,0,0,0
2022,3,18,0,0,0,0,0,0,0,0,0,0,0,0,0,0,0,0,0,0,0,0,0,0,0,0
2022,3,19,0,0,0,0,0,0,0,0,0,0.2,0,0,0,0,0,0,0,0,0,0,0,0,0,0
2022,3,20,0,0,0,0,0,0,0,0,0,0,0,0,0,0,0,0,0,0,0,0,0,0,0,0
2022,3,21,0,0,0,0,0.2,0,0,0,0,0,0,0,0,0,0,0,0,0,0,0,0,0,0,0
2022,3,22,0,0,0,0,0,0,0,0,0.2,0,0,0,0,0,0,0,0,0,0,0,0,0,0,0
2022,3,23,0,0,0,0,0,0,0,0,0,0,0,0,0,0,0,0,0,0,0,0,0,0,0,0
2022,3,24,0,0,0,0,0,0,0,0,0,0,0,0,0,0,0,0,0,0,0,0,0,0,0,0
2022,3,25,0,0,0,0,0,0,0,0,0,0,0,0,0,0,0,0,0,0,0,0,0,0,0,0
2022,3,26,0,0,0,0,0.2,0,0,0,0,0,0,0,0,0,0,0,0,0,0,0,0,0,0,0
2022,3,27,0,0,0,0,0,0.2,0,0,0,0,0,0,0,0,0,0,0,0,0,0,0,0,0,0
2022,3,28,0,0,0,0,0,0,0,0,0,0,0,0,0,0,0,0,0,0,0,0,0,0,0,0
2022,3,29,0,0,0,0,0,0,0,0,0,0,0,0,0,0,0,0,0,0,0,0,0,0,0,0
2022,3,30,0,0,0,0,0,0,0,0,0,0,0,0,0,0,0,0,0,0,0,0,0,0,0,0
2022,3,31,0,0,0,0,0,0,0,0,0,0,0,0,0,0,0,0,0,0,0,0,0,0,0,0
2022,4,1,0,0,0.4,1,0.4,0,0,0,0,0,0,0,0,0,0,0,0,0,0,0,0,0,0,0
2022,4,2,0,0,0,0,0,0,0,0,0,0,0,0,0,0,0,0,0,0,0,0,0,0,0,0
2022,4,3,0.4,0,0,0,0,0,0,0,0,0,0,0,0,0,0,0,0,0,0,0,0,0,0,0
2022,4,4,0,0,0,0,0,0,0,0,0,0.2,0,0,0.2,0,0,0,0,0,0,0,0,0,0,0
2022,4,5,0,0,0,0,0,0,0,0,0,0,0,0.2,0,0,0,0,0,0,0,0,0,0,0,0
2022,4,6,0,0,0,0,0,0,0,0,0,0,0,0,0,0,0,0,0,0,0,0,0,0,0,0
2022,4,7,0,0,0,0,0,0,0,0,0,0,0,0,0,0,0,0,0,0,0,0,0,0,0,0
2022,4,8,0,0,0,0,0,0,0,0,0,0,0,0,0,0,0,0,0,0,0,0,0,0,0,0.2
2022,4,9,0,0,0,0,0,0,0,1.2,3,0.2,0,0.4,0,0,0,0,0,0,0,0.8,1,1.2,0,0
2022,4,10,0,0,0.4,0.4,0.6,0.4,0,0,0,0.2,0,0,0,0,0,0,0,0,0,0,0,0,0,0
2022,4,11,0,0,0,0,0,0,0,0,0,0,0,0,0,0,0,0,0,0,0,0,0,0,0,0
2022,4,12,0,0,0,0,0,0,0,0,0,0,0,0,0,0,0,0,0,0,0,0,0,0,0,0
2022,4,13,0,0,0,0,0,0,0,0,0,0,0,0,0,0,0,0,0,0,0,0,0,0,0,0
2022,4,14,0,0,0,0,0,0,0,0,0,0,0,0,0,0,0,0,0,0,0,0,0,0,0,0
2022,4,15,0,0,0,0,0.4,0,0,0,0,0,0,0,0,0,0,0,0,0,0,0,0,0,0,0
2022,4,16,0.2,0.2,0,0,0,0,0,0,0,0,0,0,0,0,0,0,0,0,0,0,0,0,0,0
2022,4,17,0,0,0,0,0,0,0,0,0,0,0,0,0,0,0,0,0,0,0,0,0,0,0,0.6
2022,4,18,3.2,0.8,0.2,1.8,0.2,0.2,0,0,0,0,0,0,0,0,0,0,0,0,0,0,0,0,0,0
2022,4,19,0,0,0,0,0,0,0,0,0,0,0,0,0,0,0,0,0,0,0,0,0,0,0,0
2022,4,20,0,0,0,0,0,0.2,0,0,0,0,0,0,0,0,0,0,0,0,0,0,0,0,0,0
2022,4,21,0,0,0,0,0,0,0,0,0,0,0,0,0,0,0,0,0,0,0,0,0,0,0,0
2022,4,22,0,0,0,0,0,0,0,0,0,0,0,0,0,0,0,6.4,0.2,0,7.4,0.2,2.8,1.6,0,0
2022,4,23,0,0,0,0,0,0,0,0,0,0,0,0,0,0,0,0,0,0,0,0,0,0,0,0
2022,4,24,0,0,0,0,0,0,0,0,0,0,0,0,0,0,0,0,0,0,3.8,2.4,0.4,0,0,0
2022,4,25,0,0,0,0,0,0,0,0,0,0.2,0,0,0,0,0.4,1.4,1,5.2,4.2,1.2,0.2,0,0.4,0
2022,4,26,0,0,0,0,0,0,0,0,0,0,0,0,0,0,0,0,0.6,4.4000000000000004,0.2,0,0,0,0,0
2022,4,27,0,0,0.2,0,0,0.2,0,0,0,0,0,0,0,0,0,0,0,1.6,1.8,0.6,0.4,2,1.2,0
2022,4,28,0,0,0.4,0,0,0,0,0,0,0,0,0,0,0.6,0.2,0,0.6,0.6,0,0,0,0,0,0
2022,4,29,0,0,0.4,0,0,0,0,0,0,0,0,0,0,0,0,0,0,0,0,0,0,0,0,0
2022,4,30,0,0,0,0,0,0,0,0,0,0,0,0,0,0,0,0.8,0.4,0.2,1,0.6,0.2,0,0,0
2022,5,1,0,0,0,0,0,0,0,0,0.2,0,0,0,0,0,0,0,0,0.6,2.4,1.4,0.6,0.6,0,0
2022,5,2,0,0,0,0,0.2,0.2,0,0,0,0,0,0,0,0,0,0,0.6,0.8,0.8,0,0,0,0,0
2022,5,3,0,0,0.6,0.2,0,0,0,0,0,0,0,0,0,0,0,0,0,0,4.8,3.8,1.6,0,0,0
2022,5,4,0,0,0,0,0,0.2,0,0,0,0,0,0,0,0,0,0,0,0.8,0,0,0.4,0,0,0
2022,5,5,0,0,0,0,0,0,0,0,0,0,0,2.2000000000000002,2.6,0,0,0,0,0,0,0,0,0,0,0
2022,5,6,0,0,0,0,0,0,0,0,0,0.2,0,0,0,0,0,0,0,0.4,0,0,0,0,0,0
2022,5,7,0,0,0,0,0,0.2,0,0,0.2,0,0,0,0,0,0,0,0,0,0,0,0,0,0,0
2022,5,8,0,0,0,0,0,0,0,0,0,0,0,0,0,0,0,0,0,0,0,0,0,0,0,0
2022,5,9,0,0,0,0,0,0,0,0,0,0,0,0,0,0,0,0,0,0,0,0,0,0,0,0
2022,5,10,0,0,0,0,0,0,0,0,0,0,0,0,0,0,0,0,0,0,0,0,0,0,0,0
2022,5,11,0,0,0,0,0,0,0,0,0,0,0,0,0,0,0,0,0,0,6,0.4,0,0,0,0
2022,5,12,0,0,0,0,0,0,0,0,0,0,0,0,0,22,2.2000000000000002,0,1.2,1.6,0.6,0.6,1.4,0.2,0,2.8
2022,5,13,0,0,0,0,0,0,0.2,0.2,0,0,0,0,0,0,1,0.4,0.8,3.6,0.4,0.4,0.8,0,0,0
2022,5,14,0.4,0,0,0,0,0,0,0,0,0,0,0,0,0,0.2,0.4,4,5.2,0.8,0.4,0,0,0,0
2022,5,15,0,0,0,0,0,0,0,0,0,0,0,0,0,0,0,4.5999999999999996,11.8,9.1999999999999993,7.2,2,0,0,0,0
2022,5,16,0.2,0,0,0,0,0,0,0,0,0,0,0,0,0,0,0.6,6.6,4.2,1.6,0.6,0,0,0,0
2022,5,17,0,0,0,0,0,0,0,0,0,0.2,0,0,0,0,0,0,0,0,0,0,0,0,0,0
2022,5,18,0,0,0,0,0,0,0,0,0,0,0,0,0,0,0,0,0,0,0.4,0.2,1.6,0.4,0,0
2022,5,19,0,0,0,0.2,0,0,0,0,0,0,0,0,0,0.4,4.5999999999999996,5.2,0,0,2.2000000000000002,5,3,2.6,1.6,0.2
